owner,owner_url,display_name,slug,places,place_URL,comments,supports,other_interactions,other_interaction_types,first_place,last_place
divvy,http://data.shareabouts.org/api/v2/divvy,Divvy Bikes (new-data),divvy,3500,http://data.shareabouts.org/api/v2/divvy/datasets/divvy/places,4210,27436,0,[],,
nycdot,http://data.shareabouts.org/api/v2/nycdot,Vision Zero,vz,12714,http://data.shareabouts.org/api/v2/nycdot/datasets/vz/places,2847,8068,0,[],,
ourmiami,http://api.shareabouts.org/api/v2/ourmiami,OurMiami,ourmiami,264,http://api.shareabouts.org/api/v2/ourmiami/datasets/ourmiami/places,1424,7381,1,['like'],,
ourmiami,http://data.shareabouts.org/api/v2/ourmiami,Public Space Challenge 2014,psc2014,412,http://data.shareabouts.org/api/v2/ourmiami/datasets/psc2014/places,1316,6623,1056,['ratings'],,
divvy,http://data.shareabouts.org/api/v2/divvy,Divvy Bikes (all data),divvy-all-data,2137,http://data.shareabouts.org/api/v2/divvy/datasets/divvy-all-data/places,945,14116,0,[],,
jjones,http://api.shareabouts.org/api/v2/jjones,psbs,psbs,548,http://api.shareabouts.org/api/v2/jjones/datasets/psbs/places,687,6120,0,[],,
borotaxis,http://api.shareabouts.org/api/v2/borotaxis,Taxi Stands Map,taxistands,1171,http://api.shareabouts.org/api/v2/borotaxis/datasets/taxistands/places,682,2041,0,[],,
d39,http://api.shareabouts.org/api/v2/d39,d39,d39,275,http://api.shareabouts.org/api/v2/d39/datasets/d39/places,366,900,0,[],,
mjumbewu,http://data.shareabouts.org/api/v2/mjumbewu,Philly Bike Share,philly-bike-share,1431,http://data.shareabouts.org/api/v2/mjumbewu/datasets/philly-bike-share/places,345,0,0,[],,
marketmain,http://api.shareabouts.org/api/v2/marketmain,vhmp,vhmp,157,http://api.shareabouts.org/api/v2/marketmain/datasets/vhmp/places,247,286,0,[],,
dksassociates,http://api.shareabouts.org/api/v2/dksassociates,Lane County TSP,lane,229,http://api.shareabouts.org/api/v2/dksassociates/datasets/lane/places,151,135,0,[],,
nyrising,http://api.shareabouts.org/api/v2/nyrising,bp,bp,62,http://api.shareabouts.org/api/v2/nyrising/datasets/bp/places,151,0,0,[],,
jjones,http://api.shareabouts.org/api/v2/jjones,CoGo,cogo,241,http://api.shareabouts.org/api/v2/jjones/datasets/cogo/places,145,982,0,[],,
jjones,http://api.shareabouts.org/api/v2/jjones,Newport Beach,newport,182,http://api.shareabouts.org/api/v2/jjones/datasets/newport/places,145,210,0,[],,
demo-user,http://api.shareabouts.org/api/v2/demo-user,Demo Data,demo-data,493,http://api.shareabouts.org/api/v2/demo-user/datasets/demo-data/places,109,267,17,"['ratings', 'commitments']",,
georgiabullen,http://data.shareabouts.org/api/v2/georgiabullen,mountrainier,mountrainier,81,http://data.shareabouts.org/api/v2/georgiabullen/datasets/mountrainier/places,77,49,0,[],,
jj0hns0n,http://api.shareabouts.org/api/v2/jj0hns0n,San Diego CPG FY14 CIP Projects,sdcipcpg,193,http://api.shareabouts.org/api/v2/jj0hns0n/datasets/sdcipcpg/places,76,449,0,[],,
weho,http://data.shareabouts.org/api/v2/weho,weho,weho,206,http://data.shareabouts.org/api/v2/weho/datasets/weho/places,76,382,0,[],,
jjones,http://api.shareabouts.org/api/v2/jjones,Walk Bike Columbia,columbia,173,http://api.shareabouts.org/api/v2/jjones/datasets/columbia/places,76,336,0,[],,
jlally,http://data.shareabouts.org/api/v2/jlally,mansfield,mansfield,118,http://data.shareabouts.org/api/v2/jlally/datasets/mansfield/places,75,76,0,[],,
nyrising,http://api.shareabouts.org/api/v2/nyrising,rh,rh,1794,http://api.shareabouts.org/api/v2/nyrising/datasets/rh/places,74,0,0,[],,
ioby,http://data.shareabouts.org/api/v2/ioby,Create Memphis,memphis,178,http://data.shareabouts.org/api/v2/ioby/datasets/memphis/places,73,313,37,['commitments'],,
openplans,http://data.shareabouts.org/api/v2/openplans,NY Rising - Red Hook,devnyrrh,1968,http://data.shareabouts.org/api/v2/openplans/datasets/devnyrrh/places,70,0,0,[],,
jlally,http://api.shareabouts.org/api/v2/jlally,walkdenver,walkdenver,2028,http://api.shareabouts.org/api/v2/jlally/datasets/walkdenver/places,67,21,0,[],,
jjones,http://api.shareabouts.org/api/v2/jjones,marion,marion,66,http://api.shareabouts.org/api/v2/jjones/datasets/marion/places,66,43,0,[],,
makebrooklynsafer,http://api.shareabouts.org/api/v2/makebrooklynsafer,84th Precinct,84thprecinct,110,http://api.shareabouts.org/api/v2/makebrooklynsafer/datasets/84thprecinct/places,64,222,0,[],,
d33,http://api.shareabouts.org/api/v2/d33,d33,d33,66,http://api.shareabouts.org/api/v2/d33/datasets/d33/places,56,104,0,[],,
afraint,http://api.shareabouts.org/api/v2/afraint,new_york_data,new_york_data,382,http://api.shareabouts.org/api/v2/afraint/datasets/new_york_data/places,52,0,2,['witness'],,
makebrooklynsafer,http://api.shareabouts.org/api/v2/makebrooklynsafer,Old KROSS Map,makebrooklynsafer,131,http://api.shareabouts.org/api/v2/makebrooklynsafer/datasets/makebrooklynsafer/places,51,141,0,[],,
chicagobikes,http://data.shareabouts.org/api/v2/chicagobikes,Chicago Bike Parking,chicago-bike-parking,181,http://data.shareabouts.org/api/v2/chicagobikes/datasets/chicago-bike-parking/places,49,390,0,[],,
makebrooklynsafer,http://api.shareabouts.org/api/v2/makebrooklynsafer,88th Precinct,kross2013,184,http://api.shareabouts.org/api/v2/makebrooklynsafer/datasets/kross2013/places,42,203,0,[],,
jjones,http://api.shareabouts.org/api/v2/jjones,St. Louis,stlouis,284,http://api.shareabouts.org/api/v2/jjones/datasets/stlouis/places,42,811,0,[],,
jjones,http://api.shareabouts.org/api/v2/jjones,NW Arkansas Bike Facilities,nwarkansas,189,http://api.shareabouts.org/api/v2/jjones/datasets/nwarkansas/places,40,93,0,[],,
jjones,http://data.shareabouts.org/api/v2/jjones,evansville,evansville,53,http://data.shareabouts.org/api/v2/jjones/datasets/evansville/places,38,150,0,[],,
nyrising,http://data.shareabouts.org/api/v2/nyrising,hb,hb,2558,http://data.shareabouts.org/api/v2/nyrising/datasets/hb/places,31,0,0,[],,
jjones,http://data.shareabouts.org/api/v2/jjones,NC State Bike Routes,ncstatebikes,139,http://data.shareabouts.org/api/v2/jjones/datasets/ncstatebikes/places,30,84,0,[],,
d23,http://api.shareabouts.org/api/v2/d23,d23,d23,59,http://api.shareabouts.org/api/v2/d23/datasets/d23/places,27,48,0,[],,
makebrooklynsafer,http://api.shareabouts.org/api/v2/makebrooklynsafer,78th Precinct,78thprecinct,89,http://api.shareabouts.org/api/v2/makebrooklynsafer/datasets/78thprecinct/places,24,135,0,[],,
interfacestudio,http://api.shareabouts.org/api/v2/interfacestudio,Macon,macon,251,http://api.shareabouts.org/api/v2/interfacestudio/datasets/macon/places,23,192,0,[],,
nyrising,http://data.shareabouts.org/api/v2/nyrising,lm,lm,1256,http://data.shareabouts.org/api/v2/nyrising/datasets/lm/places,23,0,0,[],,
afraint,http://data.shareabouts.org/api/v2/afraint,crash_testing,crash_testing,42,http://data.shareabouts.org/api/v2/afraint/datasets/crash_testing/places,21,0,0,[],,
jjones,http://data.shareabouts.org/api/v2/jjones,WFU Bike Ped Study,wfubikeped,51,http://data.shareabouts.org/api/v2/jjones/datasets/wfubikeped/places,21,85,0,[],,
cb6,http://api.shareabouts.org/api/v2/cb6,CB6 Capital Expenditure Map,cb6capex,106,http://api.shareabouts.org/api/v2/cb6/datasets/cb6capex/places,21,139,0,[],,
openplans,http://data.shareabouts.org/api/v2/openplans,NY Rising - Howard Beach (Dev),devnyrhb,6511,http://data.shareabouts.org/api/v2/openplans/datasets/devnyrhb/places,20,0,0,[],,
nyrising,http://api.shareabouts.org/api/v2/nyrising,re,re,9631,http://api.shareabouts.org/api/v2/nyrising/datasets/re/places,19,0,0,[],,
jjones,http://api.shareabouts.org/api/v2/jjones,Mid-South Greenprint,midsouth2,194,http://api.shareabouts.org/api/v2/jjones/datasets/midsouth2/places,19,41,0,[],,
UniversityBikeCollective,http://api.shareabouts.org/api/v2/UniversityBikeCollective,ForSurvey,ForSurvey,55,http://api.shareabouts.org/api/v2/UniversityBikeCollective/datasets/ForSurvey/places,18,103,0,[],,
nyrising,http://data.shareabouts.org/api/v2/nyrising,rw,rw,5253,http://data.shareabouts.org/api/v2/nyrising/datasets/rw/places,17,0,0,[],,
jjones,http://api.shareabouts.org/api/v2/jjones,moragard,moragard,23,http://api.shareabouts.org/api/v2/jjones/datasets/moragard/places,15,13,0,[],,
openplans,http://api.shareabouts.org/api/v2/openplans,ATM Surcharge,atm_surcharge,46,http://api.shareabouts.org/api/v2/openplans/datasets/atm_surcharge/places,14,0,0,[],,
jlally,http://api.shareabouts.org/api/v2/jlally,osu-walkdenver,osu,404,http://api.shareabouts.org/api/v2/jlally/datasets/osu/places,13,2,0,[],,
afraint,http://data.shareabouts.org/api/v2/afraint,Crash Data NYC,crashdata_NYC,36,http://data.shareabouts.org/api/v2/afraint/datasets/crashdata_NYC/places,12,0,5,['witness'],,
demo-user,http://api.shareabouts.org/api/v2/demo-user,UI Refresh Testing,ui-refresh-testing,28,http://api.shareabouts.org/api/v2/demo-user/datasets/ui-refresh-testing/places,12,18,0,[],,
openplans,http://api.shareabouts.org/api/v2/openplans,Pedestrian Obstacles,ped_obstacles,36,http://api.shareabouts.org/api/v2/openplans/datasets/ped_obstacles/places,12,11,0,[],,
afraint,http://data.shareabouts.org/api/v2/afraint,overlays,overlays,5,http://data.shareabouts.org/api/v2/afraint/datasets/overlays/places,12,0,0,[],,
interfacestudio,http://data.shareabouts.org/api/v2/interfacestudio,grfwd,grfwd,28,http://data.shareabouts.org/api/v2/interfacestudio/datasets/grfwd/places,11,22,0,[],,
d38,http://api.shareabouts.org/api/v2/d38,d38,d38,34,http://api.shareabouts.org/api/v2/d38/datasets/d38/places,10,3,0,[],,
jacksonheights,http://data.shareabouts.org/api/v2/jacksonheights,Jackson Heights,jacksonheights,43,http://data.shareabouts.org/api/v2/jacksonheights/datasets/jacksonheights/places,9,41,0,[],,
nyrising,http://data.shareabouts.org/api/v2/nyrising,rh4,rh4,1794,http://data.shareabouts.org/api/v2/nyrising/datasets/rh4/places,9,0,0,[],,
simeonnedkov,http://data.shareabouts.org/api/v2/simeonnedkov,simeonnedkov,simeonnedkov,9,http://data.shareabouts.org/api/v2/simeonnedkov/datasets/simeonnedkov/places,9,8,0,[],,
openplans,http://api.shareabouts.org/api/v2/openplans,Community Map,community-map,95,http://api.shareabouts.org/api/v2/openplans/datasets/community-map/places,8,11,0,[],,
jlally,http://data.shareabouts.org/api/v2/jlally,sustainable communities,sustainable-communities,14,http://data.shareabouts.org/api/v2/jlally/datasets/sustainable-communities/places,8,1,0,[],,
d8,http://api.shareabouts.org/api/v2/d8,d8,d8,58,http://api.shareabouts.org/api/v2/d8/datasets/d8/places,7,11,0,[],,
openplans,http://data.shareabouts.org/api/v2/openplans,Community Discussions,discussions,6,http://data.shareabouts.org/api/v2/openplans/datasets/discussions/places,6,3,0,[],,
chekpeds,http://data.shareabouts.org/api/v2/chekpeds,benches,benches,2,http://data.shareabouts.org/api/v2/chekpeds/datasets/benches/places,6,1,0,[],,
makebrooklynsafer,http://api.shareabouts.org/api/v2/makebrooklynsafer,76th Precinct,76thprecinct,39,http://api.shareabouts.org/api/v2/makebrooklynsafer/datasets/76thprecinct/places,6,84,0,[],,
jjones,http://api.shareabouts.org/api/v2/jjones,Goldsboro,goldsboro,23,http://api.shareabouts.org/api/v2/jjones/datasets/goldsboro/places,6,11,0,[],,
afraint,http://api.shareabouts.org/api/v2/afraint,twincities,twincities,12,http://api.shareabouts.org/api/v2/afraint/datasets/twincities/places,5,0,0,[],,
ecocamp,http://data.shareabouts.org/api/v2/ecocamp,radical-red,radical-red,8,http://data.shareabouts.org/api/v2/ecocamp/datasets/radical-red/places,5,2,0,[],,
sandymap,http://data.shareabouts.org/api/v2/sandymap,Sandy Recovery,sandy-recovery,45,http://data.shareabouts.org/api/v2/sandymap/datasets/sandy-recovery/places,5,0,0,[],,
publicinnovation,http://data.shareabouts.org/api/v2/publicinnovation,sacramento,sacramento,5,http://data.shareabouts.org/api/v2/publicinnovation/datasets/sacramento/places,5,2,0,[],,
d31,http://api.shareabouts.org/api/v2/d31,d31,d31,19,http://api.shareabouts.org/api/v2/d31/datasets/d31/places,4,13,0,[],,
dksassociates,http://api.shareabouts.org/api/v2/dksassociates,DKS Test,dkstest,11,http://api.shareabouts.org/api/v2/dksassociates/datasets/dkstest/places,3,3,0,[],,
d45,http://api.shareabouts.org/api/v2/d45,d45,d45,40,http://api.shareabouts.org/api/v2/d45/datasets/d45/places,3,25,0,[],,
d44,http://data.shareabouts.org/api/v2/d44,d44,d44,13,http://data.shareabouts.org/api/v2/d44/datasets/d44/places,3,3,0,[],,
jpichot,http://data.shareabouts.org/api/v2/jpichot,re//STATE,betterblockgr,11,http://data.shareabouts.org/api/v2/jpichot/datasets/betterblockgr/places,3,8,0,[],,
UniversityBikeCollective,http://api.shareabouts.org/api/v2/UniversityBikeCollective,Test,test,22,http://api.shareabouts.org/api/v2/UniversityBikeCollective/datasets/test/places,3,6,0,[],,
ecocamp,http://data.shareabouts.org/api/v2/ecocamp,orchid,orchid,2,http://data.shareabouts.org/api/v2/ecocamp/datasets/orchid/places,3,0,0,[],,
interfacestudio,http://data.shareabouts.org/api/v2/interfacestudio,Macon Action Plan Dev,macon-action-plan-dev,8,http://data.shareabouts.org/api/v2/interfacestudio/datasets/macon-action-plan-dev/places,3,2,0,[],,
openplans,http://data.shareabouts.org/api/v2/openplans,shareabouts demo,shareabouts-demo,17,http://data.shareabouts.org/api/v2/openplans/datasets/shareabouts-demo/places,3,7,0,[],,
stoss,http://data.shareabouts.org/api/v2/stoss,grfwd-river,grfwd-river,17,http://data.shareabouts.org/api/v2/stoss/datasets/grfwd-river/places,2,2,0,[],,
openplans,http://data.shareabouts.org/api/v2/openplans,polydemo,polydemo,201,http://data.shareabouts.org/api/v2/openplans/datasets/polydemo/places,2,3,0,[],,
ecocamp,http://data.shareabouts.org/api/v2/ecocamp,manatee,manatee,3,http://data.shareabouts.org/api/v2/ecocamp/datasets/manatee/places,2,0,0,[],,
sacramento,http://api.shareabouts.org/api/v2/sacramento,srts,srts,18,http://api.shareabouts.org/api/v2/sacramento/datasets/srts/places,2,2,0,[],,
openplans,http://data.shareabouts.org/api/v2/openplans,Participatory Budgeting (Dev),devpbnyc,3,http://data.shareabouts.org/api/v2/openplans/datasets/devpbnyc/places,2,2,0,[],,
nyrising,http://api.shareabouts.org/api/v2/nyrising,lmtemp,lmtemp,1255,http://api.shareabouts.org/api/v2/nyrising/datasets/lmtemp/places,1,0,0,[],,
openplans,http://data.shareabouts.org/api/v2/openplans,TLC Boro Taxi Stands,borotaxis,2,http://data.shareabouts.org/api/v2/openplans/datasets/borotaxis/places,1,2,0,[],,
demo-user,http://data.shareabouts.org/api/v2/demo-user,CB7 Demo,cb7-demo,4,http://data.shareabouts.org/api/v2/demo-user/datasets/cb7-demo/places,1,0,0,[],,
ecocamp,http://data.shareabouts.org/api/v2/ecocamp,midnight-blue,midnight-blue,1,http://data.shareabouts.org/api/v2/ecocamp/datasets/midnight-blue/places,1,0,0,[],,
geoprism,http://data.shareabouts.org/api/v2/geoprism,geoprism,geoprism-data,1,http://data.shareabouts.org/api/v2/geoprism/datasets/geoprism-data/places,1,0,0,[],,
nhamdaoui,http://data.shareabouts.org/api/v2/nhamdaoui,nabila-data,nabila-data,3,http://data.shareabouts.org/api/v2/nhamdaoui/datasets/nabila-data/places,1,0,0,[],,
columbia1,http://api.shareabouts.org/api/v2/columbia1,GillianData,GillianData,49,http://api.shareabouts.org/api/v2/columbia1/datasets/GillianData/places,1,0,0,[],,
admin,http://data.shareabouts.org/api/v2/admin,Dev Chicago Bike Parking,dev-chicago-bike-parking,8,http://data.shareabouts.org/api/v2/admin/datasets/dev-chicago-bike-parking/places,1,2,0,[],,
jon,http://data.shareabouts.org/api/v2/jon,Unlitterdelphia Dev,unlitterdelphia-dev,3,http://data.shareabouts.org/api/v2/jon/datasets/unlitterdelphia-dev/places,1,0,0,[],,
esmith,http://api.shareabouts.org/api/v2/esmith,Points of Interest,poi,13,http://api.shareabouts.org/api/v2/esmith/datasets/poi/places,1,3,0,[],,
chicagobikes,http://data.shareabouts.org/api/v2/chicagobikes,Chicago Abandoned Bikes,chicago-abandoned-bikes,15,http://data.shareabouts.org/api/v2/chicagobikes/datasets/chicago-abandoned-bikes/places,1,1,0,[],,
openplans,http://data.shareabouts.org/api/v2/openplans,Stamford,stamford,2,http://data.shareabouts.org/api/v2/openplans/datasets/stamford/places,1,0,0,[],,
chekpeds,http://data.shareabouts.org/api/v2/chekpeds,intersections,intersections,1,http://data.shareabouts.org/api/v2/chekpeds/datasets/intersections/places,1,1,0,[],,
ecocamp,http://data.shareabouts.org/api/v2/ecocamp,plum,plum,1,http://data.shareabouts.org/api/v2/ecocamp/datasets/plum/places,1,0,0,[],,
ecocamp,http://data.shareabouts.org/api/v2/ecocamp,tan,tan,7,http://data.shareabouts.org/api/v2/ecocamp/datasets/tan/places,1,5,0,[],,
biketotransit,http://data.shareabouts.org/api/v2/biketotransit,Bike to Transit Stations,biketotransit,316,http://data.shareabouts.org/api/v2/biketotransit/datasets/biketotransit/places,0,0,473,"['surveys', 'bicyclists']",,
openplans,http://data.shareabouts.org/api/v2/openplans,Community Board 3 Survey,cb3-survey,1217,http://data.shareabouts.org/api/v2/openplans/datasets/cb3-survey/places,0,0,451,"['surveys', 'survey']",,
cb3,http://api.shareabouts.org/api/v2/cb3,Community Board 3 Survey,cb3-survey,1217,http://api.shareabouts.org/api/v2/cb3/datasets/cb3-survey/places,0,0,451,"['surveys', 'survey']",,
openplans,http://data.shareabouts.org/api/v2/openplans,Sister Cities Usage,sc-usage,11,http://data.shareabouts.org/api/v2/openplans/datasets/sc-usage/places,0,0,48,['surveys'],,
openplans,http://data.shareabouts.org/api/v2/openplans,N3rd St. Property Survey,n3rd-st,1000,http://data.shareabouts.org/api/v2/openplans/datasets/n3rd-st/places,0,0,29,['survey'],,
openplans,http://data.shareabouts.org/api/v2/openplans,Community Board 3 Survey,cb3-survey-copy,1222,http://data.shareabouts.org/api/v2/openplans/datasets/cb3-survey-copy/places,0,0,20,['survey'],,
openplans,http://data.shareabouts.org/api/v2/openplans,CB3 Survey Data (Cloned),cb3survey-clone,18,http://data.shareabouts.org/api/v2/openplans/datasets/cb3survey-clone/places,0,0,18,['survey'],,
historiclouisville,http://data.shareabouts.org/api/v2/historiclouisville,Louisvilleâ€™s Historic Assets,historiclouisville,30,http://data.shareabouts.org/api/v2/historiclouisville/datasets/historiclouisville/places,0,17,17,['memories'],,
afraint,http://api.shareabouts.org/api/v2/afraint,nyc_dev_data,nyc_dev_data,14,http://api.shareabouts.org/api/v2/afraint/datasets/nyc_dev_data/places,0,2,14,['witness'],,
openplans,http://data.shareabouts.org/api/v2/openplans,CB8 Storefront Worship Survey,cb8-survey,1578,http://data.shareabouts.org/api/v2/openplans/datasets/cb8-survey/places,0,0,8,['survey'],,
gmccollam,http://data.shareabouts.org/api/v2/gmccollam,nolabikeshare,nolabikeshare,7,http://data.shareabouts.org/api/v2/gmccollam/datasets/nolabikeshare/places,0,0,7,"['bicyclists', 'cycling enthusiast']",,
openplans,http://data.shareabouts.org/api/v2/openplans,"""Representing the City"" Workshop",repcity,5,http://data.shareabouts.org/api/v2/openplans/datasets/repcity/places,0,0,6,['visits'],,
openplans,http://data.shareabouts.org/api/v2/openplans,SEPTA Regional Rail Stations,rr-stations,154,http://data.shareabouts.org/api/v2/openplans/datasets/rr-stations/places,0,12,6,['surveys'],,
columbia1,http://data.shareabouts.org/api/v2/columbia1,EllisData,EllisData,3,http://data.shareabouts.org/api/v2/columbia1/datasets/EllisData/places,0,0,1,['test'],,
openplans,http://api.shareabouts.org/api/v2/openplans,test,testy,2,http://api.shareabouts.org/api/v2/openplans/datasets/testy/places,0,0,1,['submissions'],,
ecocamp,http://data.shareabouts.org/api/v2/ecocamp,navy-blue,navy-blue,0,http://data.shareabouts.org/api/v2/ecocamp/datasets/navy-blue/places,0,0,0,[],,
ecocamp,http://data.shareabouts.org/api/v2/ecocamp,banana-mania,banana-mania,2,http://data.shareabouts.org/api/v2/ecocamp/datasets/banana-mania/places,0,1,0,[],,
jjones,http://data.shareabouts.org/api/v2/jjones,version1,version1,2,http://data.shareabouts.org/api/v2/jjones/datasets/version1/places,0,0,0,[],,
ecocamp,http://data.shareabouts.org/api/v2/ecocamp,beaver,beaver,0,http://data.shareabouts.org/api/v2/ecocamp/datasets/beaver/places,0,0,0,[],,
planbox,http://data.shareabouts.org/api/v2/planbox,YourVoice-chino-bike-and-pedestrian-master-plan,YourVoice-chino-bike-and-pedestrian-master-plan,0,http://data.shareabouts.org/api/v2/planbox/datasets/YourVoice-chino-bike-and-pedestrian-master-plan/places,0,0,0,[],,
urbansocial,http://data.shareabouts.org/api/v2/urbansocial,"Urban Social Spaces, Kendall Square",urbansocial,155,http://data.shareabouts.org/api/v2/urbansocial/datasets/urbansocial/places,0,0,0,[],,
planbox,http://data.shareabouts.org/api/v2/planbox,user-testproject,user-testproject,0,http://data.shareabouts.org/api/v2/planbox/datasets/user-testproject/places,0,0,0,[],,
fhebbert,http://data.shareabouts.org/api/v2/fhebbert,Test,test,0,http://data.shareabouts.org/api/v2/fhebbert/datasets/test/places,0,0,0,[],,
planbox,http://data.shareabouts.org/api/v2/planbox,claro81-planicipe-planification-participative,claro81-planicipe-planification-participative,0,http://data.shareabouts.org/api/v2/planbox/datasets/claro81-planicipe-planification-participative/places,0,0,0,[],,
ecocamp,http://data.shareabouts.org/api/v2/ecocamp,cornflower,cornflower,0,http://data.shareabouts.org/api/v2/ecocamp/datasets/cornflower/places,0,0,0,[],,
planbox,http://data.shareabouts.org/api/v2/planbox,ptraughber-visionzerosf,ptraughber-visionzerosf,0,http://data.shareabouts.org/api/v2/planbox/datasets/ptraughber-visionzerosf/places,0,0,0,[],,
planbox,http://data.shareabouts.org/api/v2/planbox,serg-final,serg-final,3,http://data.shareabouts.org/api/v2/planbox/datasets/serg-final/places,0,0,0,[],,
ecocamp,http://data.shareabouts.org/api/v2/ecocamp,gray,gray,0,http://data.shareabouts.org/api/v2/ecocamp/datasets/gray/places,0,0,0,[],,
geosprocket,http://data.shareabouts.org/api/v2/geosprocket,cvrpc,placesurvey,3,http://data.shareabouts.org/api/v2/geosprocket/datasets/placesurvey/places,0,1,0,[],,
ecocamp,http://data.shareabouts.org/api/v2/ecocamp,olive-green,olive-green,0,http://data.shareabouts.org/api/v2/ecocamp/datasets/olive-green/places,0,0,0,[],,
ecocamp,http://data.shareabouts.org/api/v2/ecocamp,violet-red,violet-red,0,http://data.shareabouts.org/api/v2/ecocamp/datasets/violet-red/places,0,0,0,[],,
planbox,http://data.shareabouts.org/api/v2/planbox,s2t1-s2tsdc,s2t1-s2tsdc,0,http://data.shareabouts.org/api/v2/planbox/datasets/s2t1-s2tsdc/places,0,0,0,[],,
ioby,http://data.shareabouts.org/api/v2/ioby,Create Memphis Development ,memphis-dev,101,http://data.shareabouts.org/api/v2/ioby/datasets/memphis-dev/places,0,0,0,[],,
planbox,http://data.shareabouts.org/api/v2/planbox,erinbarnes-jersey-city-bike-racks,erinbarnes-jersey-city-bike-racks,0,http://data.shareabouts.org/api/v2/planbox/datasets/erinbarnes-jersey-city-bike-racks/places,0,0,0,[],,
planbox,http://data.shareabouts.org/api/v2/planbox,amorganroth0425-wisconsin-statewide-bicycle-infrastructure-plan,amorganroth0425-wisconsin-statewide-bicycle-infrastructure-plan,0,http://data.shareabouts.org/api/v2/planbox/datasets/amorganroth0425-wisconsin-statewide-bicycle-infrastructure-plan/places,0,0,0,[],,
dksassociates,http://api.shareabouts.org/api/v2/dksassociates,Clatsop County TSP,clatsop,4,http://api.shareabouts.org/api/v2/dksassociates/datasets/clatsop/places,0,0,0,[],,
ecocamp,http://data.shareabouts.org/api/v2/ecocamp,aquamarine,aquamarine,0,http://data.shareabouts.org/api/v2/ecocamp/datasets/aquamarine/places,0,0,0,[],,
ecocamp,http://data.shareabouts.org/api/v2/ecocamp,copper,copper,0,http://data.shareabouts.org/api/v2/ecocamp/datasets/copper/places,0,0,0,[],,
atogle,http://data.shareabouts.org/api/v2/atogle,test,test,0,http://data.shareabouts.org/api/v2/atogle/datasets/test/places,0,1,0,[],,
planbox,http://data.shareabouts.org/api/v2/planbox,Ilona-garden-street-a-new-downtown-street-for-south-burlington,Ilona-garden-street-a-new-downtown-street-for-south-burlington,0,http://data.shareabouts.org/api/v2/planbox/datasets/Ilona-garden-street-a-new-downtown-street-for-south-burlington/places,0,0,0,[],,
planbox-dev,http://data.shareabouts.org/api/v2/planbox-dev,atogle-map,atogle-map,2,http://data.shareabouts.org/api/v2/planbox-dev/datasets/atogle-map/places,0,0,0,[],,
planbox,http://data.shareabouts.org/api/v2/planbox,JeffersonvillePlanning-bicycle-route-implemenation,JeffersonvillePlanning-bicycle-route-implemenation,0,http://data.shareabouts.org/api/v2/planbox/datasets/JeffersonvillePlanning-bicycle-route-implemenation/places,0,0,0,[],,
planbox,http://data.shareabouts.org/api/v2/planbox,IFSIGNCODE-idaho-falls-sign-code-update,IFSIGNCODE-idaho-falls-sign-code-update,0,http://data.shareabouts.org/api/v2/planbox/datasets/IFSIGNCODE-idaho-falls-sign-code-update/places,0,0,0,[],,
planbox,http://data.shareabouts.org/api/v2/planbox,frank-title,frank-title,0,http://data.shareabouts.org/api/v2/planbox/datasets/frank-title/places,0,0,0,[],,
openplans,http://data.shareabouts.org/api/v2/openplans,Stomping Ground - Development,devsg,11,http://data.shareabouts.org/api/v2/openplans/datasets/devsg/places,0,0,0,[],,
planbox,http://data.shareabouts.org/api/v2/planbox,hgutherl-conifer285-corridor-area-plan,hgutherl-conifer285-corridor-area-plan,1,http://data.shareabouts.org/api/v2/planbox/datasets/hgutherl-conifer285-corridor-area-plan/places,0,0,0,[],,
HamptonRoads,http://data.shareabouts.org/api/v2/HamptonRoads,data,slugs,0,http://data.shareabouts.org/api/v2/HamptonRoads/datasets/slugs/places,0,0,0,[],,
planbox,http://data.shareabouts.org/api/v2/planbox,RonB-crooswijkerzand,RonB-crooswijkerzand,0,http://data.shareabouts.org/api/v2/planbox/datasets/RonB-crooswijkerzand/places,0,0,0,[],,
georgiabullen,http://data.shareabouts.org/api/v2/georgiabullen,coronaplaza,coronaplaza,6,http://data.shareabouts.org/api/v2/georgiabullen/datasets/coronaplaza/places,0,0,0,[],,
planbox,http://data.shareabouts.org/api/v2/planbox,fmoore-test,fmoore-test,1,http://data.shareabouts.org/api/v2/planbox/datasets/fmoore-test/places,0,0,0,[],,
planbox,http://data.shareabouts.org/api/v2/planbox,jsisson65-newton-villages,jsisson65-newton-villages,0,http://data.shareabouts.org/api/v2/planbox/datasets/jsisson65-newton-villages/places,0,0,0,[],,
planbox,http://data.shareabouts.org/api/v2/planbox,syntell-syntell,syntell-syntell,1,http://data.shareabouts.org/api/v2/planbox/datasets/syntell-syntell/places,0,0,0,[],,
planbox,http://data.shareabouts.org/api/v2/planbox,khoven-renegade-planners-collective,khoven-renegade-planners-collective,0,http://data.shareabouts.org/api/v2/planbox/datasets/khoven-renegade-planners-collective/places,0,0,0,[],,
planbox,http://data.shareabouts.org/api/v2/planbox,ignacioabe-santiago-pedaleable,ignacioabe-santiago-pedaleable,1,http://data.shareabouts.org/api/v2/planbox/datasets/ignacioabe-santiago-pedaleable/places,0,0,0,[],,
pbnyc,http://data.shareabouts.org/api/v2/pbnyc,pbnyc-2014,pbnyc-2014,185,http://data.shareabouts.org/api/v2/pbnyc/datasets/pbnyc-2014/places,0,0,0,[],,
planbox,http://data.shareabouts.org/api/v2/planbox,hstucker-massachusetts-food-system-plan,hstucker-massachusetts-food-system-plan,2,http://data.shareabouts.org/api/v2/planbox/datasets/hstucker-massachusetts-food-system-plan/places,0,0,0,[],,
planbox,http://data.shareabouts.org/api/v2/planbox,nepanode-nepanode,nepanode-nepanode,0,http://data.shareabouts.org/api/v2/planbox/datasets/nepanode-nepanode/places,0,0,0,[],,
planbox,http://data.shareabouts.org/api/v2/planbox,jtehrani-feature-list-test,jtehrani-feature-list-test,0,http://data.shareabouts.org/api/v2/planbox/datasets/jtehrani-feature-list-test/places,0,0,0,[],,
ecocamp,http://data.shareabouts.org/api/v2/ecocamp,wild-strawberry,wild-strawberry,0,http://data.shareabouts.org/api/v2/ecocamp/datasets/wild-strawberry/places,0,0,0,[],,
planbox-dev,http://data.shareabouts.org/api/v2/planbox-dev,aogle123-project-123,aogle123-project-123,1,http://data.shareabouts.org/api/v2/planbox-dev/datasets/aogle123-project-123/places,0,0,0,[],,
planbox,http://data.shareabouts.org/api/v2/planbox,lenninibarra-prueba-conecta2,lenninibarra-prueba-conecta2,0,http://data.shareabouts.org/api/v2/planbox/datasets/lenninibarra-prueba-conecta2/places,0,0,0,[],,
ManhCB6,http://data.shareabouts.org/api/v2/ManhCB6,Manhattan CB6 Capital Spending Map,mcb6capex,35,http://data.shareabouts.org/api/v2/ManhCB6/datasets/mcb6capex/places,0,0,0,[],,
Eskilstuna,http://data.shareabouts.org/api/v2/Eskilstuna,Tyck till om Stadsparken,tyck_tiller,253,http://data.shareabouts.org/api/v2/Eskilstuna/datasets/tyck_tiller/places,0,1029,0,[],,
ecocamp,http://data.shareabouts.org/api/v2/ecocamp,silver,silver,0,http://data.shareabouts.org/api/v2/ecocamp/datasets/silver/places,0,0,0,[],,
ecocamp,http://data.shareabouts.org/api/v2/ecocamp,pink-flamingo,pink-flamingo,0,http://data.shareabouts.org/api/v2/ecocamp/datasets/pink-flamingo/places,0,0,0,[],,
peoplepower,http://data.shareabouts.org/api/v2/peoplepower,peoplepower-data,peoplepower-data,0,http://data.shareabouts.org/api/v2/peoplepower/datasets/peoplepower-data/places,0,0,0,[],,
ecocamp,http://data.shareabouts.org/api/v2/ecocamp,denim,denim,0,http://data.shareabouts.org/api/v2/ecocamp/datasets/denim/places,0,0,0,[],,
planbox,http://data.shareabouts.org/api/v2/planbox,makeArchitecture-the-super-bikeway,makeArchitecture-the-super-bikeway,0,http://data.shareabouts.org/api/v2/planbox/datasets/makeArchitecture-the-super-bikeway/places,0,0,0,[],,
ecocamp,http://data.shareabouts.org/api/v2/ecocamp,vivid-tangerine,vivid-tangerine,0,http://data.shareabouts.org/api/v2/ecocamp/datasets/vivid-tangerine/places,0,0,0,[],,
planbox,http://data.shareabouts.org/api/v2/planbox,ericrodenbeck-just-a-test-man,ericrodenbeck-just-a-test-man,0,http://data.shareabouts.org/api/v2/planbox/datasets/ericrodenbeck-just-a-test-man/places,0,0,0,[],,
planbox,http://data.shareabouts.org/api/v2/planbox,atogle-lorem-all-the-ipsums,atogle-lorem-all-the-ipsums,4,http://data.shareabouts.org/api/v2/planbox/datasets/atogle-lorem-all-the-ipsums/places,0,0,0,[],,
planbox,http://data.shareabouts.org/api/v2/planbox,GreenPhilly-greenphilly,GreenPhilly-greenphilly,0,http://data.shareabouts.org/api/v2/planbox/datasets/GreenPhilly-greenphilly/places,0,0,0,[],,
planbox,http://data.shareabouts.org/api/v2/planbox,robi-y-anyway,robi-y-anyway,1,http://data.shareabouts.org/api/v2/planbox/datasets/robi-y-anyway/places,0,0,0,[],,
planbox,http://data.shareabouts.org/api/v2/planbox,llkats-sf-bike-map,llkats-sf-bike-map,0,http://data.shareabouts.org/api/v2/planbox/datasets/llkats-sf-bike-map/places,0,0,0,[],,
phlush,http://data.shareabouts.org/api/v2/phlush,phlush,phlush,6,http://data.shareabouts.org/api/v2/phlush/datasets/phlush/places,0,0,0,[],,
ecocamp,http://data.shareabouts.org/api/v2/ecocamp,red,red,0,http://data.shareabouts.org/api/v2/ecocamp/datasets/red/places,0,0,0,[],,
planbox,http://data.shareabouts.org/api/v2/planbox,bborisov-neighborhoods-test-project,bborisov-neighborhoods-test-project,1,http://data.shareabouts.org/api/v2/planbox/datasets/bborisov-neighborhoods-test-project/places,0,0,0,[],,
rkaranas,http://data.shareabouts.org/api/v2/rkaranas,data,rkaranas-data,0,http://data.shareabouts.org/api/v2/rkaranas/datasets/rkaranas-data/places,0,0,0,[],,
planbox,http://data.shareabouts.org/api/v2/planbox,dankray-gefuhle-stadt,dankray-gefuhle-stadt,0,http://data.shareabouts.org/api/v2/planbox/datasets/dankray-gefuhle-stadt/places,0,0,0,[],,
sacramento,http://api.shareabouts.org/api/v2/sacramento,safesac,safesac,0,http://api.shareabouts.org/api/v2/sacramento/datasets/safesac/places,0,0,0,[],,
dksassociates,http://api.shareabouts.org/api/v2/dksassociates,DKS Test Data,test,0,http://api.shareabouts.org/api/v2/dksassociates/datasets/test/places,0,0,0,[],,
planbox,http://data.shareabouts.org/api/v2/planbox,openopenopen-openopenopen,openopenopen-openopenopen,0,http://data.shareabouts.org/api/v2/planbox/datasets/openopenopen-openopenopen/places,0,0,0,[],,
ecocamp,http://data.shareabouts.org/api/v2/ecocamp,blue,blue,0,http://data.shareabouts.org/api/v2/ecocamp/datasets/blue/places,0,0,0,[],,
dksassociates,http://api.shareabouts.org/api/v2/dksassociates,Cottage Grove TSP,cottagegrove,1,http://api.shareabouts.org/api/v2/dksassociates/datasets/cottagegrove/places,0,0,0,[],,
ecocamp,http://data.shareabouts.org/api/v2/ecocamp,outrageous-orange,outrageous-orange,0,http://data.shareabouts.org/api/v2/ecocamp/datasets/outrageous-orange/places,0,0,0,[],,
ecocamp,http://data.shareabouts.org/api/v2/ecocamp,dandelion,dandelion,0,http://data.shareabouts.org/api/v2/ecocamp/datasets/dandelion/places,0,0,0,[],,
planbox,http://data.shareabouts.org/api/v2/planbox,zonderland-story-catcher,zonderland-story-catcher,0,http://data.shareabouts.org/api/v2/planbox/datasets/zonderland-story-catcher/places,0,0,0,[],,
ecocamp,http://data.shareabouts.org/api/v2/ecocamp,outer-space,outer-space,0,http://data.shareabouts.org/api/v2/ecocamp/datasets/outer-space/places,0,0,0,[],,
openplans,http://data.shareabouts.org/api/v2/openplans,"Stomping Ground (""Production"")",prodsg,11,http://data.shareabouts.org/api/v2/openplans/datasets/prodsg/places,0,0,0,[],,
planbox,http://data.shareabouts.org/api/v2/planbox,natalieshieh-30th-street-station-precinct-joint-master-plan,natalieshieh-30th-street-station-precinct-joint-master-plan,0,http://data.shareabouts.org/api/v2/planbox/datasets/natalieshieh-30th-street-station-precinct-joint-master-plan/places,0,0,0,[],,
planbox,http://data.shareabouts.org/api/v2/planbox,nightdaggar-test-project-x,nightdaggar-test-project-x,0,http://data.shareabouts.org/api/v2/planbox/datasets/nightdaggar-test-project-x/places,0,0,0,[],,
planbox,http://data.shareabouts.org/api/v2/planbox,alisoni-bed-stuy-history,alisoni-bed-stuy-history,0,http://data.shareabouts.org/api/v2/planbox/datasets/alisoni-bed-stuy-history/places,0,0,0,[],,
planbox,http://data.shareabouts.org/api/v2/planbox,wboykinm-traffic-abatement-in-burlingtons-south-end,wboykinm-traffic-abatement-in-burlingtons-south-end,2,http://data.shareabouts.org/api/v2/planbox/datasets/wboykinm-traffic-abatement-in-burlingtons-south-end/places,0,0,0,[],,
demo-user,http://api.shareabouts.org/api/v2/demo-user,Big Red Button,bigredbutton,68,http://api.shareabouts.org/api/v2/demo-user/datasets/bigredbutton/places,0,0,0,[],,
planbox,http://data.shareabouts.org/api/v2/planbox,ssa27-lakeview-public-way-improvements,ssa27-lakeview-public-way-improvements,0,http://data.shareabouts.org/api/v2/planbox/datasets/ssa27-lakeview-public-way-improvements/places,0,0,0,[],,
planbox,http://data.shareabouts.org/api/v2/planbox,Henrique-projeto-teste,Henrique-projeto-teste,0,http://data.shareabouts.org/api/v2/planbox/datasets/Henrique-projeto-teste/places,0,0,0,[],,
smitaki,http://data.shareabouts.org/api/v2/smitaki,Test map,cmom,1,http://data.shareabouts.org/api/v2/smitaki/datasets/cmom/places,0,0,0,[],,
ecocamp,http://data.shareabouts.org/api/v2/ecocamp,bittersweet,bittersweet,0,http://data.shareabouts.org/api/v2/ecocamp/datasets/bittersweet/places,0,0,0,[],,
ecocamp,http://data.shareabouts.org/api/v2/ecocamp,mahogany,mahogany,0,http://data.shareabouts.org/api/v2/ecocamp/datasets/mahogany/places,0,0,0,[],,
planbox,http://data.shareabouts.org/api/v2/planbox,pamsoto-public-uses-of-the-bronx-river,pamsoto-public-uses-of-the-bronx-river,0,http://data.shareabouts.org/api/v2/planbox/datasets/pamsoto-public-uses-of-the-bronx-river/places,0,0,0,[],,
planbox,http://data.shareabouts.org/api/v2/planbox,just_testing-bicicletas,just_testing-bicicletas,0,http://data.shareabouts.org/api/v2/planbox/datasets/just_testing-bicicletas/places,0,0,0,[],,
nyrising,http://data.shareabouts.org/api/v2/nyrising,Howard Beach (Unabridged),hb-full,6508,http://data.shareabouts.org/api/v2/nyrising/datasets/hb-full/places,0,0,0,[],,
openplans,http://data.shareabouts.org/api/v2/openplans,Chicago Bike Share exports,chicagobikes,1281,http://data.shareabouts.org/api/v2/openplans/datasets/chicagobikes/places,0,0,0,[],,
ecocamp,http://data.shareabouts.org/api/v2/ecocamp,yellow-orange,yellow-orange,0,http://data.shareabouts.org/api/v2/ecocamp/datasets/yellow-orange/places,0,0,0,[],,
ecocamp,http://data.shareabouts.org/api/v2/ecocamp,goldenrod,goldenrod,0,http://data.shareabouts.org/api/v2/ecocamp/datasets/goldenrod/places,0,0,0,[],,
planbox,http://data.shareabouts.org/api/v2/planbox,mpoe-my-new-project,mpoe-my-new-project,1,http://data.shareabouts.org/api/v2/planbox/datasets/mpoe-my-new-project/places,0,0,0,[],,
planbox,http://data.shareabouts.org/api/v2/planbox,test888-test,test888-test,0,http://data.shareabouts.org/api/v2/planbox/datasets/test888-test/places,0,0,0,[],,
ecocamp,http://data.shareabouts.org/api/v2/ecocamp,red-orange,red-orange,0,http://data.shareabouts.org/api/v2/ecocamp/datasets/red-orange/places,0,0,0,[],,
ecocamp,http://data.shareabouts.org/api/v2/ecocamp,tropical-rain-forest,tropical-rain-forest,0,http://data.shareabouts.org/api/v2/ecocamp/datasets/tropical-rain-forest/places,0,0,0,[],,
planbox,http://data.shareabouts.org/api/v2/planbox,patygutierrez-jdciii-housing-cluster,patygutierrez-jdciii-housing-cluster,0,http://data.shareabouts.org/api/v2/planbox/datasets/patygutierrez-jdciii-housing-cluster/places,0,0,0,[],,
planbox,http://data.shareabouts.org/api/v2/planbox,kensnyder105-night-time-frisbee-game,kensnyder105-night-time-frisbee-game,11,http://data.shareabouts.org/api/v2/planbox/datasets/kensnyder105-night-time-frisbee-game/places,0,0,0,[],,
ecocamp,http://data.shareabouts.org/api/v2/ecocamp,yellow,yellow,0,http://data.shareabouts.org/api/v2/ecocamp/datasets/yellow/places,0,0,0,[],,
planbox,http://data.shareabouts.org/api/v2/planbox,AirMarty-projettest,AirMarty-projettest,0,http://data.shareabouts.org/api/v2/planbox/datasets/AirMarty-projettest/places,0,0,0,[],,
openplans,http://data.shareabouts.org/api/v2/openplans,Mobile Survey Client (Surveyor) Test Data,survey-test,3,http://data.shareabouts.org/api/v2/openplans/datasets/survey-test/places,0,0,0,[],,
planbox,http://data.shareabouts.org/api/v2/planbox,gatoona-bike-metro,gatoona-bike-metro,0,http://data.shareabouts.org/api/v2/planbox/datasets/gatoona-bike-metro/places,0,0,0,[],,
planbox,http://data.shareabouts.org/api/v2/planbox,cmadore-lake-massapoag-bicycling-network-plan,cmadore-lake-massapoag-bicycling-network-plan,18,http://data.shareabouts.org/api/v2/planbox/datasets/cmadore-lake-massapoag-bicycling-network-plan/places,0,0,0,[],,
planbox,http://data.shareabouts.org/api/v2/planbox,jma1966-safe-streets-2,jma1966-safe-streets-2,0,http://data.shareabouts.org/api/v2/planbox/datasets/jma1966-safe-streets-2/places,0,0,0,[],,
steveleathers,http://data.shareabouts.org/api/v2/steveleathers,MIG,migshare,10,http://data.shareabouts.org/api/v2/steveleathers/datasets/migshare/places,0,4,0,[],,
d39,http://api.shareabouts.org/api/v2/d39,D39 shortlist test,d39-shortlist-test,17,http://api.shareabouts.org/api/v2/d39/datasets/d39-shortlist-test/places,0,0,0,[],,
bicycle-coalition,http://data.shareabouts.org/api/v2/bicycle-coalition,Rail Stations,rail-stations,0,http://data.shareabouts.org/api/v2/bicycle-coalition/datasets/rail-stations/places,0,0,0,[],,
planbox,http://data.shareabouts.org/api/v2/planbox,SRMC2-sr-test-greater-bpt-tod,SRMC2-sr-test-greater-bpt-tod,0,http://data.shareabouts.org/api/v2/planbox/datasets/SRMC2-sr-test-greater-bpt-tod/places,0,0,0,[],,
planbox,http://data.shareabouts.org/api/v2/planbox,APiller-bellevue-pedestrian-and-bicycle-plan,APiller-bellevue-pedestrian-and-bicycle-plan,0,http://data.shareabouts.org/api/v2/planbox/datasets/APiller-bellevue-pedestrian-and-bicycle-plan/places,0,0,0,[],,
ecocamp,http://data.shareabouts.org/api/v2/ecocamp,caribbean-green,caribbean-green,0,http://data.shareabouts.org/api/v2/ecocamp/datasets/caribbean-green/places,0,0,0,[],,
ecocamp,http://data.shareabouts.org/api/v2/ecocamp,eggplant,eggplant,0,http://data.shareabouts.org/api/v2/ecocamp/datasets/eggplant/places,0,0,0,[],,
ecocamp,http://data.shareabouts.org/api/v2/ecocamp,shadow,shadow,0,http://data.shareabouts.org/api/v2/ecocamp/datasets/shadow/places,0,0,0,[],,
ecocamp,http://data.shareabouts.org/api/v2/ecocamp,fuchsia,fuchsia,0,http://data.shareabouts.org/api/v2/ecocamp/datasets/fuchsia/places,0,0,0,[],,
planbox,http://data.shareabouts.org/api/v2/planbox,Bomaderry-revitalising-bomaderrys-cbd,Bomaderry-revitalising-bomaderrys-cbd,0,http://data.shareabouts.org/api/v2/planbox/datasets/Bomaderry-revitalising-bomaderrys-cbd/places,0,0,0,[],,
planbox,http://data.shareabouts.org/api/v2/planbox,rdiana-solar-water-heater-information,rdiana-solar-water-heater-information,0,http://data.shareabouts.org/api/v2/planbox/datasets/rdiana-solar-water-heater-information/places,0,0,0,[],,
ecocamp,http://data.shareabouts.org/api/v2/ecocamp,purple-heart,purple-heart,0,http://data.shareabouts.org/api/v2/ecocamp/datasets/purple-heart/places,0,0,0,[],,
planbox,http://data.shareabouts.org/api/v2/planbox,raction-qc-mississippi-river,raction-qc-mississippi-river,0,http://data.shareabouts.org/api/v2/planbox/datasets/raction-qc-mississippi-river/places,0,0,0,[],,
planbox-dev,http://data.shareabouts.org/api/v2/planbox-dev,mpoe-undefined,mpoe-undefined,0,http://data.shareabouts.org/api/v2/planbox-dev/datasets/mpoe-undefined/places,0,0,0,[],,
paulmackay,http://data.shareabouts.org/api/v2/paulmackay,subways,subways,1,http://data.shareabouts.org/api/v2/paulmackay/datasets/subways/places,0,0,0,[],,
planbox,http://data.shareabouts.org/api/v2/planbox,SustainableKeuka-sustainable-keuka-lake-project,SustainableKeuka-sustainable-keuka-lake-project,0,http://data.shareabouts.org/api/v2/planbox/datasets/SustainableKeuka-sustainable-keuka-lake-project/places,0,0,0,[],,
ecocamp,http://data.shareabouts.org/api/v2/ecocamp,raw-sienna,raw-sienna,0,http://data.shareabouts.org/api/v2/ecocamp/datasets/raw-sienna/places,0,0,0,[],,
rex,http://data.shareabouts.org/api/v2/rex,louisville,louisville,0,http://data.shareabouts.org/api/v2/rex/datasets/louisville/places,0,0,0,[],,
planbox,http://data.shareabouts.org/api/v2/planbox,Ckalbert-alberts-solutions,Ckalbert-alberts-solutions,0,http://data.shareabouts.org/api/v2/planbox/datasets/Ckalbert-alberts-solutions/places,0,0,0,[],,
planbox,http://data.shareabouts.org/api/v2/planbox,mgosline-bridging-the-creek,mgosline-bridging-the-creek,1,http://data.shareabouts.org/api/v2/planbox/datasets/mgosline-bridging-the-creek/places,0,0,0,[],,
planbox,http://data.shareabouts.org/api/v2/planbox,cressica-gulangyu,cressica-gulangyu,1,http://data.shareabouts.org/api/v2/planbox/datasets/cressica-gulangyu/places,0,0,0,[],,
ecocamp,http://data.shareabouts.org/api/v2/ecocamp,blue-green,blue-green,0,http://data.shareabouts.org/api/v2/ecocamp/datasets/blue-green/places,0,0,0,[],,
ecocamp,http://data.shareabouts.org/api/v2/ecocamp,timberwolf,timberwolf,0,http://data.shareabouts.org/api/v2/ecocamp/datasets/timberwolf/places,0,0,0,[],,
atogle858a78b024d647ce,http://api.shareabouts.org/api/v2/atogle858a78b024d647ce,Test,test,0,http://api.shareabouts.org/api/v2/atogle858a78b024d647ce/datasets/test/places,0,0,0,[],,
planbox,http://data.shareabouts.org/api/v2/planbox,gwdtest-key-connections,gwdtest-key-connections,0,http://data.shareabouts.org/api/v2/planbox/datasets/gwdtest-key-connections/places,0,0,0,[],,
ecocamp,http://data.shareabouts.org/api/v2/ecocamp,burnt-sienna,burnt-sienna,0,http://data.shareabouts.org/api/v2/ecocamp/datasets/burnt-sienna/places,0,0,0,[],,
linndavis,http://api.shareabouts.org/api/v2/linndavis,Ciity.org,ciity,58,http://api.shareabouts.org/api/v2/linndavis/datasets/ciity/places,0,0,0,[],,
planbox,http://data.shareabouts.org/api/v2/planbox,colemant-test-map-for-parsons-brinckerhoff,colemant-test-map-for-parsons-brinckerhoff,0,http://data.shareabouts.org/api/v2/planbox/datasets/colemant-test-map-for-parsons-brinckerhoff/places,0,0,0,[],,
ecocamp,http://data.shareabouts.org/api/v2/ecocamp,test,test,2,http://data.shareabouts.org/api/v2/ecocamp/datasets/test/places,0,1,0,[],,
planbox,http://data.shareabouts.org/api/v2/planbox,One-road-conditions-for-bikers,One-road-conditions-for-bikers,0,http://data.shareabouts.org/api/v2/planbox/datasets/One-road-conditions-for-bikers/places,0,0,0,[],,
planbox,http://data.shareabouts.org/api/v2/planbox,Long_Term_Care_CIA-long-term-care-consumer-intelligence-agency,Long_Term_Care_CIA-long-term-care-consumer-intelligence-agency,0,http://data.shareabouts.org/api/v2/planbox/datasets/Long_Term_Care_CIA-long-term-care-consumer-intelligence-agency/places,0,0,0,[],,
planbox,http://data.shareabouts.org/api/v2/planbox,GrandRapids-grfwd,GrandRapids-grfwd,0,http://data.shareabouts.org/api/v2/planbox/datasets/GrandRapids-grfwd/places,0,0,0,[],,
ecocamp,http://data.shareabouts.org/api/v2/ecocamp,yellow-green,yellow-green,0,http://data.shareabouts.org/api/v2/ecocamp/datasets/yellow-green/places,0,0,0,[],,
planbox,http://data.shareabouts.org/api/v2/planbox,rachel2428-armstrong-mill-neighborhood,rachel2428-armstrong-mill-neighborhood,0,http://data.shareabouts.org/api/v2/planbox/datasets/rachel2428-armstrong-mill-neighborhood/places,0,0,0,[],,
dksassociates,http://api.shareabouts.org/api/v2/dksassociates,Newberg TSP,newberg,2,http://api.shareabouts.org/api/v2/dksassociates/datasets/newberg/places,0,0,0,[],,
planbox,http://data.shareabouts.org/api/v2/planbox,CoryColwell-calgary,CoryColwell-calgary,0,http://data.shareabouts.org/api/v2/planbox/datasets/CoryColwell-calgary/places,0,0,0,[],,
planbox,http://data.shareabouts.org/api/v2/planbox,kweinand-spokane-neighborhood-profiles,kweinand-spokane-neighborhood-profiles,0,http://data.shareabouts.org/api/v2/planbox/datasets/kweinand-spokane-neighborhood-profiles/places,0,0,0,[],,
planbox,http://data.shareabouts.org/api/v2/planbox,abhiram-socal,abhiram-socal,0,http://data.shareabouts.org/api/v2/planbox/datasets/abhiram-socal/places,0,0,0,[],,
jlally,http://data.shareabouts.org/api/v2/jlally,Test,test,7,http://data.shareabouts.org/api/v2/jlally/datasets/test/places,0,1,0,[],,
admin,http://data.shareabouts.org/api/v2/admin,Test,test,0,http://data.shareabouts.org/api/v2/admin/datasets/test/places,0,0,0,[],,
planbox,http://data.shareabouts.org/api/v2/planbox,benwallen-sonyc,benwallen-sonyc,0,http://data.shareabouts.org/api/v2/planbox/datasets/benwallen-sonyc/places,0,0,0,[],,
ecocamp,http://data.shareabouts.org/api/v2/ecocamp,fuzzy-wuzzy-brown,fuzzy-wuzzy-brown,0,http://data.shareabouts.org/api/v2/ecocamp/datasets/fuzzy-wuzzy-brown/places,0,0,0,[],,
ecocamp,http://data.shareabouts.org/api/v2/ecocamp,cotton-candy,cotton-candy,0,http://data.shareabouts.org/api/v2/ecocamp/datasets/cotton-candy/places,0,0,0,[],,
planbox,http://data.shareabouts.org/api/v2/planbox,zuccabalucca-familia,zuccabalucca-familia,0,http://data.shareabouts.org/api/v2/planbox/datasets/zuccabalucca-familia/places,0,0,0,[],,
geoprism,http://data.shareabouts.org/api/v2/geoprism,Local Plan Area,localplan,0,http://data.shareabouts.org/api/v2/geoprism/datasets/localplan/places,0,0,0,[],,
planbox,http://data.shareabouts.org/api/v2/planbox,alexsweet-mountain-view-bike-plan-update,alexsweet-mountain-view-bike-plan-update,1,http://data.shareabouts.org/api/v2/planbox/datasets/alexsweet-mountain-view-bike-plan-update/places,0,0,0,[],,
planbox-dev,http://data.shareabouts.org/api/v2/planbox-dev,atogle-shareabouts2,atogle-shareabouts2,1,http://data.shareabouts.org/api/v2/planbox-dev/datasets/atogle-shareabouts2/places,0,0,0,[],,
planbox,http://data.shareabouts.org/api/v2/planbox,mvandenhoek-limbach-park,mvandenhoek-limbach-park,0,http://data.shareabouts.org/api/v2/planbox/datasets/mvandenhoek-limbach-park/places,0,0,0,[],,
planbox,http://data.shareabouts.org/api/v2/planbox,kaeru-better-pedestrian-facilities-for-subang-jaya,kaeru-better-pedestrian-facilities-for-subang-jaya,4,http://data.shareabouts.org/api/v2/planbox/datasets/kaeru-better-pedestrian-facilities-for-subang-jaya/places,0,0,0,[],,
planbox,http://data.shareabouts.org/api/v2/planbox,graspmobile-pueblo-plug-in-to-nature,graspmobile-pueblo-plug-in-to-nature,0,http://data.shareabouts.org/api/v2/planbox/datasets/graspmobile-pueblo-plug-in-to-nature/places,0,0,0,[],,
jesperfrant,http://api.shareabouts.org/api/v2/jesperfrant,MDPFieldPlacements,fieldplacements,1,http://api.shareabouts.org/api/v2/jesperfrant/datasets/fieldplacements/places,0,0,0,[],,
jjones,http://data.shareabouts.org/api/v2/jjones,Moraga Road,moraga,20,http://data.shareabouts.org/api/v2/jjones/datasets/moraga/places,0,0,0,[],,
nammacycle,http://api.shareabouts.org/api/v2/nammacycle,rama,rama,0,http://api.shareabouts.org/api/v2/nammacycle/datasets/rama/places,0,0,0,[],,
cmassa,http://api.shareabouts.org/api/v2/cmassa,Natural Resources Recovery Map,recoverymap,1,http://api.shareabouts.org/api/v2/cmassa/datasets/recoverymap/places,0,0,0,[],,
planbox,http://data.shareabouts.org/api/v2/planbox,EBI-ebi-screenline-survey,EBI-ebi-screenline-survey,0,http://data.shareabouts.org/api/v2/planbox/datasets/EBI-ebi-screenline-survey/places,0,0,0,[],,
planbox,http://data.shareabouts.org/api/v2/planbox,brunomotta26-melhorando-minha-cidade,brunomotta26-melhorando-minha-cidade,0,http://data.shareabouts.org/api/v2/planbox/datasets/brunomotta26-melhorando-minha-cidade/places,0,0,0,[],,
planbox,http://data.shareabouts.org/api/v2/planbox,camilolozano-conecta2,camilolozano-conecta2,3,http://data.shareabouts.org/api/v2/planbox/datasets/camilolozano-conecta2/places,0,0,0,[],,
planbox,http://data.shareabouts.org/api/v2/planbox,rukku-whatsup,rukku-whatsup,2,http://data.shareabouts.org/api/v2/planbox/datasets/rukku-whatsup/places,0,0,0,[],,
planbox,http://data.shareabouts.org/api/v2/planbox,KyraSchneider-pedestrian-and-bicycle-master-plan-update,KyraSchneider-pedestrian-and-bicycle-master-plan-update,0,http://data.shareabouts.org/api/v2/planbox/datasets/KyraSchneider-pedestrian-and-bicycle-master-plan-update/places,0,0,0,[],,
ecocamp,http://data.shareabouts.org/api/v2/ecocamp,white,white,0,http://data.shareabouts.org/api/v2/ecocamp/datasets/white/places,0,0,0,[],,
tchu,http://data.shareabouts.org/api/v2/tchu,Mountain View,mountainview,0,http://data.shareabouts.org/api/v2/tchu/datasets/mountainview/places,0,0,0,[],,
planbox,http://data.shareabouts.org/api/v2/planbox,amartinez-hillsboro-blvd-lane-elimination,amartinez-hillsboro-blvd-lane-elimination,0,http://data.shareabouts.org/api/v2/planbox/datasets/amartinez-hillsboro-blvd-lane-elimination/places,0,0,0,[],,
planbox,http://data.shareabouts.org/api/v2/planbox,socki4hou-houston-crowd-sourcing-map-of-infrastructure-improvements-trouble-zones-and-cyclingped-accident-zones,socki4hou-houston-crowd-sourcing-map-of-infrastructure-improvements-trouble-zones-and-cyclingped-accident-zones,2,http://data.shareabouts.org/api/v2/planbox/datasets/socki4hou-houston-crowd-sourcing-map-of-infrastructure-improvements-trouble-zones-and-cyclingped-accident-zones/places,0,0,0,[],,
ecocamp,http://data.shareabouts.org/api/v2/ecocamp,sunset-orange,sunset-orange,0,http://data.shareabouts.org/api/v2/ecocamp/datasets/sunset-orange/places,0,0,0,[],,
ecocamp,http://data.shareabouts.org/api/v2/ecocamp,green-yellow,green-yellow,0,http://data.shareabouts.org/api/v2/ecocamp/datasets/green-yellow/places,0,0,0,[],,
gtracy,http://api.shareabouts.org/api/v2/gtracy,Little Libraries Madison,littlelibrary608,16,http://api.shareabouts.org/api/v2/gtracy/datasets/littlelibrary608/places,0,1,0,[],,
planbox,http://data.shareabouts.org/api/v2/planbox,fedex1-air-pollution-watch,fedex1-air-pollution-watch,6,http://data.shareabouts.org/api/v2/planbox/datasets/fedex1-air-pollution-watch/places,0,0,0,[],,
tektonomastics,http://data.shareabouts.org/api/v2/tektonomastics,buildings,buildings,478,http://data.shareabouts.org/api/v2/tektonomastics/datasets/buildings/places,0,0,0,[],,
planbox-dev,http://data.shareabouts.org/api/v2/planbox-dev,atogle-jlksdjkasdfkjfds,atogle-jlksdjkasdfkjfds,1,http://data.shareabouts.org/api/v2/planbox-dev/datasets/atogle-jlksdjkasdfkjfds/places,0,0,0,[],,
ecocamp,http://data.shareabouts.org/api/v2/ecocamp,sea-green,sea-green,0,http://data.shareabouts.org/api/v2/ecocamp/datasets/sea-green/places,0,0,0,[],,
ManhCB1,http://data.shareabouts.org/api/v2/ManhCB1,active-rec-spaces,active-rec-spaces,4,http://data.shareabouts.org/api/v2/ManhCB1/datasets/active-rec-spaces/places,0,0,0,[],,
jj0hns0n,http://data.shareabouts.org/api/v2/jj0hns0n,realconnect-test,realconnect-test,0,http://data.shareabouts.org/api/v2/jj0hns0n/datasets/realconnect-test/places,0,0,0,[],,
planbox,http://data.shareabouts.org/api/v2/planbox,bmdptraining-belize-municipal-development-plans,bmdptraining-belize-municipal-development-plans,0,http://data.shareabouts.org/api/v2/planbox/datasets/bmdptraining-belize-municipal-development-plans/places,0,0,0,[],,
planbox,http://data.shareabouts.org/api/v2/planbox,ryanekistics-at,ryanekistics-at,0,http://data.shareabouts.org/api/v2/planbox/datasets/ryanekistics-at/places,0,0,0,[],,
admin,http://data.shareabouts.org/api/v2/admin,Vision Zero Dev,vz-dev,2521,http://data.shareabouts.org/api/v2/admin/datasets/vz-dev/places,0,0,0,[],,
mejackreed,http://data.shareabouts.org/api/v2/mejackreed,testdata,test,0,http://data.shareabouts.org/api/v2/mejackreed/datasets/test/places,0,0,0,[],,
planbox,http://data.shareabouts.org/api/v2/planbox,marksatterfield-find-soup,marksatterfield-find-soup,1,http://data.shareabouts.org/api/v2/planbox/datasets/marksatterfield-find-soup/places,0,0,0,[],,
planbox,http://data.shareabouts.org/api/v2/planbox,Fazal-brampton-open-government,Fazal-brampton-open-government,1,http://data.shareabouts.org/api/v2/planbox/datasets/Fazal-brampton-open-government/places,0,0,0,[],,
planbox,http://data.shareabouts.org/api/v2/planbox,staffor-mapping-memory-of-place,staffor-mapping-memory-of-place,0,http://data.shareabouts.org/api/v2/planbox/datasets/staffor-mapping-memory-of-place/places,0,0,0,[],,
planbox,http://data.shareabouts.org/api/v2/planbox,EMueller-eastlake-community-plans,EMueller-eastlake-community-plans,1,http://data.shareabouts.org/api/v2/planbox/datasets/EMueller-eastlake-community-plans/places,0,0,0,[],,
planbox,http://data.shareabouts.org/api/v2/planbox,krutz27-infectious-equine-outbreaks,krutz27-infectious-equine-outbreaks,0,http://data.shareabouts.org/api/v2/planbox/datasets/krutz27-infectious-equine-outbreaks/places,0,0,0,[],,
atlantabike,http://data.shareabouts.org/api/v2/atlantabike,bikeshare,bikeshare,0,http://data.shareabouts.org/api/v2/atlantabike/datasets/bikeshare/places,0,0,0,[],,
planbox-dev,http://data.shareabouts.org/api/v2/planbox-dev,visionzero-vision-zero,visionzero-vision-zero,0,http://data.shareabouts.org/api/v2/planbox-dev/datasets/visionzero-vision-zero/places,0,0,0,[],,
columbia1,http://data.shareabouts.org/api/v2/columbia1,KazData,KazData,131,http://data.shareabouts.org/api/v2/columbia1/datasets/KazData/places,0,4,0,[],,
borotaxis,http://data.shareabouts.org/api/v2/borotaxis,test,test,0,http://data.shareabouts.org/api/v2/borotaxis/datasets/test/places,0,0,0,[],,
geosprocket,http://data.shareabouts.org/api/v2/geosprocket,cvrpc5,cvrpc5,2,http://data.shareabouts.org/api/v2/geosprocket/datasets/cvrpc5/places,0,2,0,[],,
bksrts,http://data.shareabouts.org/api/v2/bksrts,PS 132,ps132,0,http://data.shareabouts.org/api/v2/bksrts/datasets/ps132/places,0,0,0,[],,
salem,http://api.shareabouts.org/api/v2/salem,salemsrts,salemsrts,20,http://api.shareabouts.org/api/v2/salem/datasets/salemsrts/places,0,0,0,[],,
planbox,http://data.shareabouts.org/api/v2/planbox,tamcclen-mapping-all-post-boxes,tamcclen-mapping-all-post-boxes,0,http://data.shareabouts.org/api/v2/planbox/datasets/tamcclen-mapping-all-post-boxes/places,0,0,0,[],,
planbox,http://data.shareabouts.org/api/v2/planbox,JCinnamon-test,JCinnamon-test,3,http://data.shareabouts.org/api/v2/planbox/datasets/JCinnamon-test/places,0,0,0,[],,
markabraham,http://api.shareabouts.org/api/v2/markabraham,Data Haven,datahaven,234,http://api.shareabouts.org/api/v2/markabraham/datasets/datahaven/places,0,0,0,[],,
ecocamp,http://data.shareabouts.org/api/v2/ecocamp,unmellow-yellow,unmellow-yellow,0,http://data.shareabouts.org/api/v2/ecocamp/datasets/unmellow-yellow/places,0,0,0,[],,
ecocamp,http://data.shareabouts.org/api/v2/ecocamp,royal-purple,royal-purple,0,http://data.shareabouts.org/api/v2/ecocamp/datasets/royal-purple/places,0,0,0,[],,
planbox,http://data.shareabouts.org/api/v2/planbox,testmetest-duwamish-river-superfund-cleanup,testmetest-duwamish-river-superfund-cleanup,0,http://data.shareabouts.org/api/v2/planbox/datasets/testmetest-duwamish-river-superfund-cleanup/places,0,0,0,[],,
ecocamp,http://data.shareabouts.org/api/v2/ecocamp,atomic-tangerine,atomic-tangerine,0,http://data.shareabouts.org/api/v2/ecocamp/datasets/atomic-tangerine/places,0,0,0,[],,
mtouzin,http://data.shareabouts.org/api/v2/mtouzin,cesty,cesty,0,http://data.shareabouts.org/api/v2/mtouzin/datasets/cesty/places,0,0,0,[],,
planbox,http://data.shareabouts.org/api/v2/planbox,frank-map,frank-map,6,http://data.shareabouts.org/api/v2/planbox/datasets/frank-map/places,0,0,0,[],,
ecocamp,http://data.shareabouts.org/api/v2/ecocamp,sepia,sepia,0,http://data.shareabouts.org/api/v2/ecocamp/datasets/sepia/places,0,0,0,[],,
planbox,http://data.shareabouts.org/api/v2/planbox,ChesterAdapt-city-of-chester-resiliency-planning,ChesterAdapt-city-of-chester-resiliency-planning,0,http://data.shareabouts.org/api/v2/planbox/datasets/ChesterAdapt-city-of-chester-resiliency-planning/places,0,0,0,[],,
planbox,http://data.shareabouts.org/api/v2/planbox,jjsoares-bopcor,jjsoares-bopcor,1,http://data.shareabouts.org/api/v2/planbox/datasets/jjsoares-bopcor/places,0,0,0,[],,
planbox,http://data.shareabouts.org/api/v2/planbox,UPE-mapas-taller,UPE-mapas-taller,0,http://data.shareabouts.org/api/v2/planbox/datasets/UPE-mapas-taller/places,0,0,0,[],,
chekpeds,http://data.shareabouts.org/api/v2/chekpeds,Less Phone Booths,lessphonebooths,152,http://data.shareabouts.org/api/v2/chekpeds/datasets/lessphonebooths/places,0,0,0,[],,
planbox,http://data.shareabouts.org/api/v2/planbox,jridot-draft-iowa-park-and-ride-plan,jridot-draft-iowa-park-and-ride-plan,0,http://data.shareabouts.org/api/v2/planbox/datasets/jridot-draft-iowa-park-and-ride-plan/places,0,0,0,[],,
bksrts,http://data.shareabouts.org/api/v2/bksrts,PS 84,ps84,0,http://data.shareabouts.org/api/v2/bksrts/datasets/ps84/places,0,0,0,[],,
planbox-dev,http://data.shareabouts.org/api/v2/planbox-dev,test-slug2,test-slug2,0,http://data.shareabouts.org/api/v2/planbox-dev/datasets/test-slug2/places,0,0,0,[],,
planbox-dev,http://data.shareabouts.org/api/v2/planbox-dev,test-slug3,test-slug3,0,http://data.shareabouts.org/api/v2/planbox-dev/datasets/test-slug3/places,0,0,0,[],,
ecocamp,http://data.shareabouts.org/api/v2/ecocamp,chestnut,chestnut,0,http://data.shareabouts.org/api/v2/ecocamp/datasets/chestnut/places,0,0,0,[],,
planbox-dev,http://data.shareabouts.org/api/v2/planbox-dev,test-slug5,test-slug5,0,http://data.shareabouts.org/api/v2/planbox-dev/datasets/test-slug5/places,0,0,0,[],,
planbox-dev,http://data.shareabouts.org/api/v2/planbox-dev,test-slug6,test-slug6,0,http://data.shareabouts.org/api/v2/planbox-dev/datasets/test-slug6/places,0,0,0,[],,
mjumbewu,http://data.shareabouts.org/api/v2/mjumbewu,This is a test,this-is-a-test,0,http://data.shareabouts.org/api/v2/mjumbewu/datasets/this-is-a-test/places,0,0,0,[],,
ecocamp,http://data.shareabouts.org/api/v2/ecocamp,laser-lemon,laser-lemon,0,http://data.shareabouts.org/api/v2/ecocamp/datasets/laser-lemon/places,0,0,0,[],,
danielmichaelwolf,http://data.shareabouts.org/api/v2/danielmichaelwolf,UCD bike racks,UCD-bike-racks,4,http://data.shareabouts.org/api/v2/danielmichaelwolf/datasets/UCD-bike-racks/places,0,0,0,[],,
Eskilstuna,http://data.shareabouts.org/api/v2/Eskilstuna,stadsparken,stadsparken,47,http://data.shareabouts.org/api/v2/Eskilstuna/datasets/stadsparken/places,0,11,0,[],,
iturgeon,http://data.shareabouts.org/api/v2/iturgeon,Orlando Recycle,letsrecycle,2,http://data.shareabouts.org/api/v2/iturgeon/datasets/letsrecycle/places,0,2,0,[],,
bksrts,http://data.shareabouts.org/api/v2/bksrts,PS 261,ps261,0,http://data.shareabouts.org/api/v2/bksrts/datasets/ps261/places,0,0,0,[],,
d32,http://data.shareabouts.org/api/v2/d32,d32,d32,26,http://data.shareabouts.org/api/v2/d32/datasets/d32/places,0,0,0,[],,
ecocamp,http://data.shareabouts.org/api/v2/ecocamp,cerise,cerise,0,http://data.shareabouts.org/api/v2/ecocamp/datasets/cerise/places,0,0,0,[],,
ecocamp,http://data.shareabouts.org/api/v2/ecocamp,fern,fern,0,http://data.shareabouts.org/api/v2/ecocamp/datasets/fern/places,0,0,0,[],,
planbox,http://data.shareabouts.org/api/v2/planbox,simonlaird-city-of-sydney-urban-skate-plan,simonlaird-city-of-sydney-urban-skate-plan,2,http://data.shareabouts.org/api/v2/planbox/datasets/simonlaird-city-of-sydney-urban-skate-plan/places,0,0,0,[],,
alta,http://data.shareabouts.org/api/v2/alta,North Carolina Statewide Pedestrian and Bicycle Plan,walkbikenc,124,http://data.shareabouts.org/api/v2/alta/datasets/walkbikenc/places,0,0,0,[],,
interfacestudio,http://data.shareabouts.org/api/v2/interfacestudio,grfwd-dev,grfwd-dev,0,http://data.shareabouts.org/api/v2/interfacestudio/datasets/grfwd-dev/places,0,0,0,[],,
openplans,http://data.shareabouts.org/api/v2/openplans,Dev Divvy,devdivvy,5,http://data.shareabouts.org/api/v2/openplans/datasets/devdivvy/places,0,1,0,[],,
ecocamp,http://data.shareabouts.org/api/v2/ecocamp,electric-lime,electric-lime,0,http://data.shareabouts.org/api/v2/ecocamp/datasets/electric-lime/places,0,0,0,[],,
planbox,http://data.shareabouts.org/api/v2/planbox,VSB-vsz,VSB-vsz,0,http://data.shareabouts.org/api/v2/planbox/datasets/VSB-vsz/places,0,0,0,[],,
ecocamp,http://data.shareabouts.org/api/v2/ecocamp,shocking-pink,shocking-pink,0,http://data.shareabouts.org/api/v2/ecocamp/datasets/shocking-pink/places,0,0,0,[],,
planbox,http://data.shareabouts.org/api/v2/planbox,stjefin-valanghe,stjefin-valanghe,0,http://data.shareabouts.org/api/v2/planbox/datasets/stjefin-valanghe/places,0,0,0,[],,
dksassociates,http://api.shareabouts.org/api/v2/dksassociates,Dundee TSP,dundee,1,http://api.shareabouts.org/api/v2/dksassociates/datasets/dundee/places,0,0,0,[],,
planbox,http://data.shareabouts.org/api/v2/planbox,ernesto200-mi-ciudad-9-de-julio,ernesto200-mi-ciudad-9-de-julio,0,http://data.shareabouts.org/api/v2/planbox/datasets/ernesto200-mi-ciudad-9-de-julio/places,0,0,0,[],,
ecocamp,http://data.shareabouts.org/api/v2/ecocamp,tumbleweed,tumbleweed,0,http://data.shareabouts.org/api/v2/ecocamp/datasets/tumbleweed/places,0,0,0,[],,
ecocamp,http://data.shareabouts.org/api/v2/ecocamp,spring-green,spring-green,0,http://data.shareabouts.org/api/v2/ecocamp/datasets/spring-green/places,0,0,0,[],,
planbox,http://data.shareabouts.org/api/v2/planbox,chado-testing123,chado-testing123,2,http://data.shareabouts.org/api/v2/planbox/datasets/chado-testing123/places,0,0,0,[],,
ecocamp,http://data.shareabouts.org/api/v2/ecocamp,hot-magenta,hot-magenta,0,http://data.shareabouts.org/api/v2/ecocamp/datasets/hot-magenta/places,0,0,0,[],,
planbox,http://data.shareabouts.org/api/v2/planbox,Kamesg-open-source-government,Kamesg-open-source-government,0,http://data.shareabouts.org/api/v2/planbox/datasets/Kamesg-open-source-government/places,0,0,0,[],,
jj0hns0n,http://api.shareabouts.org/api/v2/jj0hns0n,San Diego CPG FY15 CIP Projects,sdcipcpg-2015,413,http://api.shareabouts.org/api/v2/jj0hns0n/datasets/sdcipcpg-2015/places,0,3,0,[],,
jpichot,http://data.shareabouts.org/api/v2/jpichot,re//STATE Production,restate,28,http://data.shareabouts.org/api/v2/jpichot/datasets/restate/places,0,0,0,[],,
planbox,http://data.shareabouts.org/api/v2/planbox,Brookdaleestates-park-improvements,Brookdaleestates-park-improvements,0,http://data.shareabouts.org/api/v2/planbox/datasets/Brookdaleestates-park-improvements/places,0,0,0,[],,
planbox,http://data.shareabouts.org/api/v2/planbox,sferone-knish,sferone-knish,0,http://data.shareabouts.org/api/v2/planbox/datasets/sferone-knish/places,0,0,0,[],,
ecocamp,http://data.shareabouts.org/api/v2/ecocamp,robin-egg-blue,robin-egg-blue,0,http://data.shareabouts.org/api/v2/ecocamp/datasets/robin-egg-blue/places,0,0,0,[],,
planbox,http://data.shareabouts.org/api/v2/planbox,trood-the-linc,trood-the-linc,0,http://data.shareabouts.org/api/v2/planbox/datasets/trood-the-linc/places,0,0,0,[],,
tchu,http://data.shareabouts.org/api/v2/tchu,Mountain View,mountain-view,0,http://data.shareabouts.org/api/v2/tchu/datasets/mountain-view/places,0,0,0,[],,
planbox,http://data.shareabouts.org/api/v2/planbox,SFMTARailCapacityStrategy-sfmta-rail-capacity-strategy,SFMTARailCapacityStrategy-sfmta-rail-capacity-strategy,1,http://data.shareabouts.org/api/v2/planbox/datasets/SFMTARailCapacityStrategy-sfmta-rail-capacity-strategy/places,0,0,0,[],,
ecocamp,http://data.shareabouts.org/api/v2/ecocamp,lavender,lavender,0,http://data.shareabouts.org/api/v2/ecocamp/datasets/lavender/places,0,0,0,[],,
ecocamp,http://data.shareabouts.org/api/v2/ecocamp,orange,orange,0,http://data.shareabouts.org/api/v2/ecocamp/datasets/orange/places,0,0,0,[],,
interfacestudio,http://data.shareabouts.org/api/v2/interfacestudio,Macon Action Plan,macon-action-plan,15,http://data.shareabouts.org/api/v2/interfacestudio/datasets/macon-action-plan/places,0,4,0,[],,
ecocamp,http://data.shareabouts.org/api/v2/ecocamp,desert-sand,desert-sand,0,http://data.shareabouts.org/api/v2/ecocamp/datasets/desert-sand/places,0,0,0,[],,
planbox,http://data.shareabouts.org/api/v2/planbox,GetActiveGNV-tell-us-where-you-need-bike-parking,GetActiveGNV-tell-us-where-you-need-bike-parking,1,http://data.shareabouts.org/api/v2/planbox/datasets/GetActiveGNV-tell-us-where-you-need-bike-parking/places,0,0,0,[],,
planbox,http://data.shareabouts.org/api/v2/planbox,mcloyd-ma-food-systems,mcloyd-ma-food-systems,0,http://data.shareabouts.org/api/v2/planbox/datasets/mcloyd-ma-food-systems/places,0,0,0,[],,
dksassociates,http://data.shareabouts.org/api/v2/dksassociates,lanecountytsp,lanecountytsp,0,http://data.shareabouts.org/api/v2/dksassociates/datasets/lanecountytsp/places,0,0,0,[],,
crowdspot,http://api.shareabouts.org/api/v2/crowdspot,demo-crowdspot,demo-crowdspot,0,http://api.shareabouts.org/api/v2/crowdspot/datasets/demo-crowdspot/places,0,0,0,[],,
planbox,http://data.shareabouts.org/api/v2/planbox,SPA-we-heart-parks,SPA-we-heart-parks,0,http://data.shareabouts.org/api/v2/planbox/datasets/SPA-we-heart-parks/places,0,0,0,[],,
ecocamp,http://data.shareabouts.org/api/v2/ecocamp,black,black,0,http://data.shareabouts.org/api/v2/ecocamp/datasets/black/places,0,0,0,[],,
jj0hns0n,http://api.shareabouts.org/api/v2/jj0hns0n,San Diego CPG FY14 CIP Projects,sdcipcpg-2014,387,http://api.shareabouts.org/api/v2/jj0hns0n/datasets/sdcipcpg-2014/places,0,0,0,[],,
lvartani,http://data.shareabouts.org/api/v2/lvartani,tbilisi,tbilisi,0,http://data.shareabouts.org/api/v2/lvartani/datasets/tbilisi/places,0,0,0,[],,
planbox,http://data.shareabouts.org/api/v2/planbox,yamaha-bikewitnessorg,yamaha-bikewitnessorg,0,http://data.shareabouts.org/api/v2/planbox/datasets/yamaha-bikewitnessorg/places,0,0,0,[],,
michelleschmitt,http://data.shareabouts.org/api/v2/michelleschmitt,The Oval,the-oval,2,http://data.shareabouts.org/api/v2/michelleschmitt/datasets/the-oval/places,0,0,0,[],,
planbox,http://data.shareabouts.org/api/v2/planbox,peter_thompson-connected-california,peter_thompson-connected-california,0,http://data.shareabouts.org/api/v2/planbox/datasets/peter_thompson-connected-california/places,0,0,0,[],,
planbox,http://data.shareabouts.org/api/v2/planbox,ambrosius-thaicom-upgrade,ambrosius-thaicom-upgrade,0,http://data.shareabouts.org/api/v2/planbox/datasets/ambrosius-thaicom-upgrade/places,0,0,0,[],,
openplans,http://data.shareabouts.org/api/v2/openplans,Joyride Backers,joyride1,0,http://data.shareabouts.org/api/v2/openplans/datasets/joyride1/places,0,0,0,[],,
openatlanta,http://data.shareabouts.org/api/v2/openatlanta,Atlanta Art,atlart,14,http://data.shareabouts.org/api/v2/openatlanta/datasets/atlart/places,0,6,0,[],,
planbox,http://data.shareabouts.org/api/v2/planbox,gronskk-beph-2014,gronskk-beph-2014,1,http://data.shareabouts.org/api/v2/planbox/datasets/gronskk-beph-2014/places,0,0,0,[],,
ecocamp,http://data.shareabouts.org/api/v2/ecocamp,apricot,apricot,0,http://data.shareabouts.org/api/v2/ecocamp/datasets/apricot/places,0,0,0,[],,
planbox,http://data.shareabouts.org/api/v2/planbox,tkrolik-reservoir-hill-tree-canopy-project,tkrolik-reservoir-hill-tree-canopy-project,0,http://data.shareabouts.org/api/v2/planbox/datasets/tkrolik-reservoir-hill-tree-canopy-project/places,0,0,0,[],,
nycdot,http://data.shareabouts.org/api/v2/nycdot,nycbikeshare,nycbikeshare,6272,http://data.shareabouts.org/api/v2/nycdot/datasets/nycbikeshare/places,0,0,0,[],,
planbox-dev,http://data.shareabouts.org/api/v2/planbox-dev,atogle-test-again,atogle-test-again,1,http://data.shareabouts.org/api/v2/planbox-dev/datasets/atogle-test-again/places,0,0,0,[],,
ecocamp,http://data.shareabouts.org/api/v2/ecocamp,cerulean,cerulean,0,http://data.shareabouts.org/api/v2/ecocamp/datasets/cerulean/places,0,0,0,[],,
ecocamp,http://data.shareabouts.org/api/v2/ecocamp,purple-mountains-majesty,purple-mountains-majesty,0,http://data.shareabouts.org/api/v2/ecocamp/datasets/purple-mountains-majesty/places,0,0,0,[],,
planbox,http://data.shareabouts.org/api/v2/planbox,matikalwill-primer-calle-bici-en-carmelo-uy,matikalwill-primer-calle-bici-en-carmelo-uy,0,http://data.shareabouts.org/api/v2/planbox/datasets/matikalwill-primer-calle-bici-en-carmelo-uy/places,0,0,0,[],,
planbox,http://data.shareabouts.org/api/v2/planbox,fcorsi-test,fcorsi-test,4,http://data.shareabouts.org/api/v2/planbox/datasets/fcorsi-test/places,0,0,0,[],,
planbox,http://data.shareabouts.org/api/v2/planbox,ScootNetworks-where-should-we-scoot-to-next,ScootNetworks-where-should-we-scoot-to-next,107,http://data.shareabouts.org/api/v2/planbox/datasets/ScootNetworks-where-should-we-scoot-to-next/places,0,0,0,[],,
ecocamp,http://data.shareabouts.org/api/v2/ecocamp,brown,brown,0,http://data.shareabouts.org/api/v2/ecocamp/datasets/brown/places,0,0,0,[],,
planbox,http://data.shareabouts.org/api/v2/planbox,tedritzer-teds-project,tedritzer-teds-project,0,http://data.shareabouts.org/api/v2/planbox/datasets/tedritzer-teds-project/places,0,0,0,[],,
nyrising,http://data.shareabouts.org/api/v2/nyrising,rhtest,rhtest,86,http://data.shareabouts.org/api/v2/nyrising/datasets/rhtest/places,0,0,0,[],,
planbox,http://data.shareabouts.org/api/v2/planbox,scottbeslow-chicago-residential-flood-map,scottbeslow-chicago-residential-flood-map,1,http://data.shareabouts.org/api/v2/planbox/datasets/scottbeslow-chicago-residential-flood-map/places,0,0,0,[],,
ecocamp,http://data.shareabouts.org/api/v2/ecocamp,screamin-green,screamin-green,0,http://data.shareabouts.org/api/v2/ecocamp/datasets/screamin-green/places,0,0,0,[],,
planbox,http://data.shareabouts.org/api/v2/planbox,nelsnelson-test,nelsnelson-test,1,http://data.shareabouts.org/api/v2/planbox/datasets/nelsnelson-test/places,0,0,0,[],,
chattanoogagov,http://api.shareabouts.org/api/v2/chattanoogagov,Great Places,greatplacestest,0,http://api.shareabouts.org/api/v2/chattanoogagov/datasets/greatplacestest/places,0,0,0,[],,
planbox,http://data.shareabouts.org/api/v2/planbox,KTUAplanner-santa-ana-downtown-transit-zone-complete-streets-plan,KTUAplanner-santa-ana-downtown-transit-zone-complete-streets-plan,0,http://data.shareabouts.org/api/v2/planbox/datasets/KTUAplanner-santa-ana-downtown-transit-zone-complete-streets-plan/places,0,0,0,[],,
ecocamp,http://data.shareabouts.org/api/v2/ecocamp,violet,violet,0,http://data.shareabouts.org/api/v2/ecocamp/datasets/violet/places,0,0,0,[],,
planbox,http://data.shareabouts.org/api/v2/planbox,mstegeman1-chicago-pedestrian-infrastructure,mstegeman1-chicago-pedestrian-infrastructure,0,http://data.shareabouts.org/api/v2/planbox/datasets/mstegeman1-chicago-pedestrian-infrastructure/places,0,0,0,[],,
planbox,http://data.shareabouts.org/api/v2/planbox,playtoride-barcelona-city-challenge,playtoride-barcelona-city-challenge,1,http://data.shareabouts.org/api/v2/planbox/datasets/playtoride-barcelona-city-challenge/places,0,0,0,[],,
ecocamp,http://data.shareabouts.org/api/v2/ecocamp,pink-sherbet,pink-sherbet,0,http://data.shareabouts.org/api/v2/ecocamp/datasets/pink-sherbet/places,0,0,0,[],,
rdiana,http://data.shareabouts.org/api/v2/rdiana,rdiana-data,rdiana-data,0,http://data.shareabouts.org/api/v2/rdiana/datasets/rdiana-data/places,0,0,0,[],,
ecocamp,http://data.shareabouts.org/api/v2/ecocamp,cadet-blue,cadet-blue,0,http://data.shareabouts.org/api/v2/ecocamp/datasets/cadet-blue/places,0,0,0,[],,
planbox-dev,http://data.shareabouts.org/api/v2/planbox-dev,mpoe-title,mpoe-title,1,http://data.shareabouts.org/api/v2/planbox-dev/datasets/mpoe-title/places,0,0,0,[],,
ecocamp,http://data.shareabouts.org/api/v2/ecocamp,neon-carrot,neon-carrot,0,http://data.shareabouts.org/api/v2/ecocamp/datasets/neon-carrot/places,0,0,0,[],,
planbox,http://data.shareabouts.org/api/v2/planbox,Plippens-welcome-to-the-portland-master-plan-asset-mapping-exercise,Plippens-welcome-to-the-portland-master-plan-asset-mapping-exercise,0,http://data.shareabouts.org/api/v2/planbox/datasets/Plippens-welcome-to-the-portland-master-plan-asset-mapping-exercise/places,0,0,0,[],,
planbox,http://data.shareabouts.org/api/v2/planbox,hstclair-massachusetts-food-system-plan,hstclair-massachusetts-food-system-plan,0,http://data.shareabouts.org/api/v2/planbox/datasets/hstclair-massachusetts-food-system-plan/places,0,0,0,[],,
planbox,http://data.shareabouts.org/api/v2/planbox,Ronald-zoning-in-narberth,Ronald-zoning-in-narberth,0,http://data.shareabouts.org/api/v2/planbox/datasets/Ronald-zoning-in-narberth/places,0,0,0,[],,
ecocamp,http://data.shareabouts.org/api/v2/ecocamp,shamrock,shamrock,0,http://data.shareabouts.org/api/v2/ecocamp/datasets/shamrock/places,0,0,0,[],,
mejackreed,http://api.shareabouts.org/api/v2/mejackreed,Georgia Tire Mapping Dev 1,gatiremap-dev1,165,http://api.shareabouts.org/api/v2/mejackreed/datasets/gatiremap-dev1/places,0,0,0,[],,
ecocamp,http://data.shareabouts.org/api/v2/ecocamp,melon,melon,0,http://data.shareabouts.org/api/v2/ecocamp/datasets/melon/places,0,0,0,[],,
planbox,http://data.shareabouts.org/api/v2/planbox,nneditch-atl-infrastructure,nneditch-atl-infrastructure,0,http://data.shareabouts.org/api/v2/planbox/datasets/nneditch-atl-infrastructure/places,0,0,0,[],,
gtracy,http://data.shareabouts.org/api/v2/gtracy,Madison Startups,madisonstartups,6,http://data.shareabouts.org/api/v2/gtracy/datasets/madisonstartups/places,0,9,0,[],,
planbox,http://data.shareabouts.org/api/v2/planbox,sophielubin-where-should-we-scoot-to-next,sophielubin-where-should-we-scoot-to-next,3,http://data.shareabouts.org/api/v2/planbox/datasets/sophielubin-where-should-we-scoot-to-next/places,0,0,0,[],,
dksassociates,http://api.shareabouts.org/api/v2/dksassociates,Columbia County TSP,columbia,0,http://api.shareabouts.org/api/v2/dksassociates/datasets/columbia/places,0,0,0,[],,
planbox,http://data.shareabouts.org/api/v2/planbox,CB11Queens-capital-budget,CB11Queens-capital-budget,0,http://data.shareabouts.org/api/v2/planbox/datasets/CB11Queens-capital-budget/places,0,0,0,[],,
ecocamp,http://data.shareabouts.org/api/v2/ecocamp,inch-worm,inch-worm,0,http://data.shareabouts.org/api/v2/ecocamp/datasets/inch-worm/places,0,0,0,[],,
planbox,http://data.shareabouts.org/api/v2/planbox,Bellaka-city-of-troy-master-plan,Bellaka-city-of-troy-master-plan,0,http://data.shareabouts.org/api/v2/planbox/datasets/Bellaka-city-of-troy-master-plan/places,0,0,0,[],,
bksrts,http://data.shareabouts.org/api/v2/bksrts,PS 261 (dev),ps261dev,0,http://data.shareabouts.org/api/v2/bksrts/datasets/ps261dev/places,0,0,0,[],,
ecocamp,http://data.shareabouts.org/api/v2/ecocamp,carnation-pink,carnation-pink,0,http://data.shareabouts.org/api/v2/ecocamp/datasets/carnation-pink/places,0,0,0,[],,
ecocamp,http://data.shareabouts.org/api/v2/ecocamp,almond,almond,0,http://data.shareabouts.org/api/v2/ecocamp/datasets/almond/places,0,0,0,[],,
planbox,http://data.shareabouts.org/api/v2/planbox,jldawkins-activating-vacant-spaces-raleigh,jldawkins-activating-vacant-spaces-raleigh,1,http://data.shareabouts.org/api/v2/planbox/datasets/jldawkins-activating-vacant-spaces-raleigh/places,0,0,0,[],,
planbox,http://data.shareabouts.org/api/v2/planbox,Enzello-city-heights-community-planning,Enzello-city-heights-community-planning,0,http://data.shareabouts.org/api/v2/planbox/datasets/Enzello-city-heights-community-planning/places,0,0,0,[],,
ecocamp,http://data.shareabouts.org/api/v2/ecocamp,indigo,indigo,0,http://data.shareabouts.org/api/v2/ecocamp/datasets/indigo/places,0,0,0,[],,
planbox,http://data.shareabouts.org/api/v2/planbox,Aisey-bike-parking,Aisey-bike-parking,0,http://data.shareabouts.org/api/v2/planbox/datasets/Aisey-bike-parking/places,0,0,0,[],,
planbox,http://data.shareabouts.org/api/v2/planbox,acochrandemo-test-project,acochrandemo-test-project,0,http://data.shareabouts.org/api/v2/planbox/datasets/acochrandemo-test-project/places,0,0,0,[],,
openplans,http://data.shareabouts.org/api/v2/openplans,OurMiami,ourmiami,0,http://data.shareabouts.org/api/v2/openplans/datasets/ourmiami/places,0,0,0,[],,
planbox,http://data.shareabouts.org/api/v2/planbox,Michaurel-diagnostic-territorial-de-xville,Michaurel-diagnostic-territorial-de-xville,1,http://data.shareabouts.org/api/v2/planbox/datasets/Michaurel-diagnostic-territorial-de-xville/places,0,0,0,[],,
planbox,http://data.shareabouts.org/api/v2/planbox,goodwind-test,goodwind-test,0,http://data.shareabouts.org/api/v2/planbox/datasets/goodwind-test/places,0,0,0,[],,
ecocamp,http://data.shareabouts.org/api/v2/ecocamp,green,green,0,http://data.shareabouts.org/api/v2/ecocamp/datasets/green/places,0,0,0,[],,
planbox,http://data.shareabouts.org/api/v2/planbox,ktown-comprehensive-knightstown-plan,ktown-comprehensive-knightstown-plan,0,http://data.shareabouts.org/api/v2/planbox/datasets/ktown-comprehensive-knightstown-plan/places,0,0,0,[],,
planbox,http://data.shareabouts.org/api/v2/planbox,Stanislav-velostancia,Stanislav-velostancia,15,http://data.shareabouts.org/api/v2/planbox/datasets/Stanislav-velostancia/places,0,0,0,[],,
cmlander,http://data.shareabouts.org/api/v2/cmlander,albemarle survey,albemarle-survey,2,http://data.shareabouts.org/api/v2/cmlander/datasets/albemarle-survey/places,0,0,0,[],,
openplans,http://data.shareabouts.org/api/v2/openplans,Community Board 1 Active Spaces,cb1-active,5,http://data.shareabouts.org/api/v2/openplans/datasets/cb1-active/places,0,0,0,[],,
admin,http://data.shareabouts.org/api/v2/admin,Dev Chicago Abandoned Bikes,dev-chicago-abandoned-bikes,3,http://data.shareabouts.org/api/v2/admin/datasets/dev-chicago-abandoned-bikes/places,0,2,0,[],,
ecocamp,http://data.shareabouts.org/api/v2/ecocamp,red-violet,red-violet,0,http://data.shareabouts.org/api/v2/ecocamp/datasets/red-violet/places,0,0,0,[],,
planbox,http://data.shareabouts.org/api/v2/planbox,ClickMapPlan-clickmapplan,ClickMapPlan-clickmapplan,0,http://data.shareabouts.org/api/v2/planbox/datasets/ClickMapPlan-clickmapplan/places,0,0,0,[],,
ecocamp,http://data.shareabouts.org/api/v2/ecocamp,magenta,magenta,0,http://data.shareabouts.org/api/v2/ecocamp/datasets/magenta/places,0,0,0,[],,
bksrts,http://data.shareabouts.org/api/v2/bksrts,Safe Routes to School (dev),srts-dev,32,http://data.shareabouts.org/api/v2/bksrts/datasets/srts-dev/places,0,0,0,[],,
nyrising,http://data.shareabouts.org/api/v2/nyrising,rh3,rh3,1796,http://data.shareabouts.org/api/v2/nyrising/datasets/rh3/places,0,0,0,[],,
nyrising,http://data.shareabouts.org/api/v2/nyrising,rh2,rh2,1782,http://data.shareabouts.org/api/v2/nyrising/datasets/rh2/places,0,0,0,[],,
ecocamp,http://data.shareabouts.org/api/v2/ecocamp,canary,canary,0,http://data.shareabouts.org/api/v2/ecocamp/datasets/canary/places,0,0,0,[],,
planbox,http://data.shareabouts.org/api/v2/planbox,Alain-test,Alain-test,0,http://data.shareabouts.org/api/v2/planbox/datasets/Alain-test/places,0,0,0,[],,
ecocamp,http://data.shareabouts.org/api/v2/ecocamp,pacific-blue,pacific-blue,0,http://data.shareabouts.org/api/v2/ecocamp/datasets/pacific-blue/places,0,0,0,[],,
columbia1,http://api.shareabouts.org/api/v2/columbia1,Rise,rise,0,http://api.shareabouts.org/api/v2/columbia1/datasets/rise/places,0,0,0,[],,
planbox,http://data.shareabouts.org/api/v2/planbox,charleswlawrence-atlanta-preservation-map,charleswlawrence-atlanta-preservation-map,2,http://data.shareabouts.org/api/v2/planbox/datasets/charleswlawrence-atlanta-preservation-map/places,0,0,0,[],,
ecocamp,http://data.shareabouts.org/api/v2/ecocamp,antique-brass,antique-brass,0,http://data.shareabouts.org/api/v2/ecocamp/datasets/antique-brass/places,0,0,0,[],,
planbox,http://data.shareabouts.org/api/v2/planbox,MaryAlexandra-community-education-center,MaryAlexandra-community-education-center,0,http://data.shareabouts.org/api/v2/planbox/datasets/MaryAlexandra-community-education-center/places,0,0,0,[],,
ecocamp,http://data.shareabouts.org/api/v2/ecocamp,asparagus,asparagus,0,http://data.shareabouts.org/api/v2/ecocamp/datasets/asparagus/places,0,0,0,[],,
openplans,http://data.shareabouts.org/api/v2/openplans,testing it,testy-mctest,0,http://data.shareabouts.org/api/v2/openplans/datasets/testy-mctest/places,0,0,0,[],,
dvandemark,http://data.shareabouts.org/api/v2/dvandemark,SunCycles,suncycles,6,http://data.shareabouts.org/api/v2/dvandemark/datasets/suncycles/places,0,0,0,[],,
ecocamp,http://data.shareabouts.org/api/v2/ecocamp,blush,blush,0,http://data.shareabouts.org/api/v2/ecocamp/datasets/blush/places,0,0,0,[],,
jjones,http://data.shareabouts.org/api/v2/jjones,Richmond Bike Facilities,richmond-bike,21,http://data.shareabouts.org/api/v2/jjones/datasets/richmond-bike/places,0,1,0,[],,
bksrts,http://data.shareabouts.org/api/v2/bksrts,MS 51 (dev),ms51dev,0,http://data.shareabouts.org/api/v2/bksrts/datasets/ms51dev/places,0,0,0,[],,
bksrts,http://data.shareabouts.org/api/v2/bksrts,MS 51,ms51,0,http://data.shareabouts.org/api/v2/bksrts/datasets/ms51/places,0,0,0,[],,
planbox,http://data.shareabouts.org/api/v2/planbox,emilyegan-livable-broadway-gary-in,emilyegan-livable-broadway-gary-in,0,http://data.shareabouts.org/api/v2/planbox/datasets/emilyegan-livable-broadway-gary-in/places,0,0,0,[],,
codeformiami,http://api.shareabouts.org/api/v2/codeformiami,Dude Where's My Bike?,dwmb,9,http://api.shareabouts.org/api/v2/codeformiami/datasets/dwmb/places,0,0,0,[],,
ecocamp,http://data.shareabouts.org/api/v2/ecocamp,macaroni-and-cheese,macaroni-and-cheese,0,http://data.shareabouts.org/api/v2/ecocamp/datasets/macaroni-and-cheese/places,0,0,0,[],,
planbox,http://data.shareabouts.org/api/v2/planbox,Bec-brisbane-celebrations,Bec-brisbane-celebrations,0,http://data.shareabouts.org/api/v2/planbox/datasets/Bec-brisbane-celebrations/places,0,0,0,[],,
planbox,http://data.shareabouts.org/api/v2/planbox,jenifferhomes-skinue,jenifferhomes-skinue,0,http://data.shareabouts.org/api/v2/planbox/datasets/jenifferhomes-skinue/places,0,0,0,[],,
planbox,http://data.shareabouts.org/api/v2/planbox,funbunko-brooklyn-potholes,funbunko-brooklyn-potholes,1,http://data.shareabouts.org/api/v2/planbox/datasets/funbunko-brooklyn-potholes/places,0,0,0,[],,
ecocamp,http://data.shareabouts.org/api/v2/ecocamp,sky-blue,sky-blue,0,http://data.shareabouts.org/api/v2/ecocamp/datasets/sky-blue/places,0,0,0,[],,
planbox,http://data.shareabouts.org/api/v2/planbox,pbfoodintern-lake-county-community-food-assessment,pbfoodintern-lake-county-community-food-assessment,0,http://data.shareabouts.org/api/v2/planbox/datasets/pbfoodintern-lake-county-community-food-assessment/places,0,0,0,[],,
planbox,http://data.shareabouts.org/api/v2/planbox,Stanislav1-,Stanislav1-,5,http://data.shareabouts.org/api/v2/planbox/datasets/Stanislav1-/places,0,0,0,[],,
planbox,http://data.shareabouts.org/api/v2/planbox,soulside-portland-skate-spots,soulside-portland-skate-spots,0,http://data.shareabouts.org/api/v2/planbox/datasets/soulside-portland-skate-spots/places,0,0,0,[],,
planbox,http://data.shareabouts.org/api/v2/planbox,rallemann-mountainbike-fallen,rallemann-mountainbike-fallen,0,http://data.shareabouts.org/api/v2/planbox/datasets/rallemann-mountainbike-fallen/places,0,0,0,[],,
ecocamp,http://data.shareabouts.org/api/v2/ecocamp,wisteria,wisteria,0,http://data.shareabouts.org/api/v2/ecocamp/datasets/wisteria/places,0,0,0,[],,
ecocamp,http://data.shareabouts.org/api/v2/ecocamp,razzle-dazzle-rose,razzle-dazzle-rose,0,http://data.shareabouts.org/api/v2/ecocamp/datasets/razzle-dazzle-rose/places,0,0,0,[],,
apramana,http://data.shareabouts.org/api/v2/apramana,Muni Data,muni-data,6,http://data.shareabouts.org/api/v2/apramana/datasets/muni-data/places,0,1,0,[],,
planbox,http://data.shareabouts.org/api/v2/planbox,AlongThePike-arlington-county-bike-project-update,AlongThePike-arlington-county-bike-project-update,0,http://data.shareabouts.org/api/v2/planbox/datasets/AlongThePike-arlington-county-bike-project-update/places,0,0,0,[],,
HamptonRoads,http://data.shareabouts.org/api/v2/HamptonRoads,Bike Maps,Test,0,http://data.shareabouts.org/api/v2/HamptonRoads/datasets/Test/places,0,0,0,[],,
planbox,http://data.shareabouts.org/api/v2/planbox,trailnet-kirkwood-pedestrian-and-bicycle-master-plan,trailnet-kirkwood-pedestrian-and-bicycle-master-plan,11,http://data.shareabouts.org/api/v2/planbox/datasets/trailnet-kirkwood-pedestrian-and-bicycle-master-plan/places,0,0,0,[],,
ecocamp,http://data.shareabouts.org/api/v2/ecocamp,periwinkle,periwinkle,0,http://data.shareabouts.org/api/v2/ecocamp/datasets/periwinkle/places,0,0,0,[],,
ecocamp,http://data.shareabouts.org/api/v2/ecocamp,gold,gold,0,http://data.shareabouts.org/api/v2/ecocamp/datasets/gold/places,0,0,0,[],,
planbox,http://data.shareabouts.org/api/v2/planbox,reveng-pedestrian-and-cyclist-improvements,reveng-pedestrian-and-cyclist-improvements,0,http://data.shareabouts.org/api/v2/planbox/datasets/reveng-pedestrian-and-cyclist-improvements/places,0,0,0,[],,
ecocamp,http://data.shareabouts.org/api/v2/ecocamp,maroon,maroon,0,http://data.shareabouts.org/api/v2/ecocamp/datasets/maroon/places,0,0,0,[],,
planbox-dev,http://data.shareabouts.org/api/v2/planbox-dev,mpoe-my-title,mpoe-my-title,3,http://data.shareabouts.org/api/v2/planbox-dev/datasets/mpoe-my-title/places,0,0,0,[],,
ecocamp,http://data.shareabouts.org/api/v2/ecocamp,sunglow,sunglow,7,http://data.shareabouts.org/api/v2/ecocamp/datasets/sunglow/places,0,1,0,[],,
planbox,http://data.shareabouts.org/api/v2/planbox,Grillbag2000-pattaya-cityincity,Grillbag2000-pattaya-cityincity,0,http://data.shareabouts.org/api/v2/planbox/datasets/Grillbag2000-pattaya-cityincity/places,0,0,0,[],,
vance,http://data.shareabouts.org/api/v2/vance,vance,vance,2,http://data.shareabouts.org/api/v2/vance/datasets/vance/places,0,2,0,[],,
ecocamp,http://data.shareabouts.org/api/v2/ecocamp,turquoise-blue,turquoise-blue,0,http://data.shareabouts.org/api/v2/ecocamp/datasets/turquoise-blue/places,0,0,0,[],,
planbox,http://data.shareabouts.org/api/v2/planbox,dpnptl-rainbow-loom-designs,dpnptl-rainbow-loom-designs,0,http://data.shareabouts.org/api/v2/planbox/datasets/dpnptl-rainbow-loom-designs/places,0,0,0,[],,
ecocamp,http://data.shareabouts.org/api/v2/ecocamp,peach,peach,0,http://data.shareabouts.org/api/v2/ecocamp/datasets/peach/places,0,0,0,[],,
ecocamp,http://data.shareabouts.org/api/v2/ecocamp,salmon,salmon,0,http://data.shareabouts.org/api/v2/ecocamp/datasets/salmon/places,0,0,0,[],,
spjika,http://data.shareabouts.org/api/v2/spjika,OSNI Strip,OSNI,0,http://data.shareabouts.org/api/v2/spjika/datasets/OSNI/places,0,0,0,[],,
ecocamp,http://data.shareabouts.org/api/v2/ecocamp,scarlet,scarlet,0,http://data.shareabouts.org/api/v2/ecocamp/datasets/scarlet/places,0,0,0,[],,
walkersq,http://data.shareabouts.org/api/v2/walkersq,Walker Square Community Report,walkersq,0,http://data.shareabouts.org/api/v2/walkersq/datasets/walkersq/places,0,0,0,[],,
columbia1,http://data.shareabouts.org/api/v2/columbia1,BGData,BGData,0,http://data.shareabouts.org/api/v2/columbia1/datasets/BGData/places,0,0,0,[],,
ecocamp,http://data.shareabouts.org/api/v2/ecocamp,blue-bell,blue-bell,0,http://data.shareabouts.org/api/v2/ecocamp/datasets/blue-bell/places,0,0,0,[],,
planbox,http://data.shareabouts.org/api/v2/planbox,eugenebata-bard-transportation,eugenebata-bard-transportation,0,http://data.shareabouts.org/api/v2/planbox/datasets/eugenebata-bard-transportation/places,0,0,0,[],,
partnc,http://data.shareabouts.org/api/v2/partnc,test,test,0,http://data.shareabouts.org/api/v2/partnc/datasets/test/places,0,0,0,[],,
planbox,http://data.shareabouts.org/api/v2/planbox,Connectkendallsquare-connect-kendall-square-an-open-space-competition,Connectkendallsquare-connect-kendall-square-an-open-space-competition,5,http://data.shareabouts.org/api/v2/planbox/datasets/Connectkendallsquare-connect-kendall-square-an-open-space-competition/places,0,0,0,[],,
planbox,http://data.shareabouts.org/api/v2/planbox,dhaier-milemesh,dhaier-milemesh,1,http://data.shareabouts.org/api/v2/planbox/datasets/dhaier-milemesh/places,0,0,0,[],,
planbox,http://data.shareabouts.org/api/v2/planbox,knish-knish-map,knish-knish-map,1,http://data.shareabouts.org/api/v2/planbox/datasets/knish-knish-map/places,0,0,0,[],,
ecocamp,http://data.shareabouts.org/api/v2/ecocamp,piggy-pink,piggy-pink,0,http://data.shareabouts.org/api/v2/ecocamp/datasets/piggy-pink/places,0,0,0,[],,
planbox,http://data.shareabouts.org/api/v2/planbox,nicoleestevez-apa-great-places-fl,nicoleestevez-apa-great-places-fl,0,http://data.shareabouts.org/api/v2/planbox/datasets/nicoleestevez-apa-great-places-fl/places,0,0,0,[],,
mcb7,http://data.shareabouts.org/api/v2/mcb7,Manhattan CB7 Capital Spending Map,mcb7capex,1,http://data.shareabouts.org/api/v2/mcb7/datasets/mcb7capex/places,0,0,0,[],,
bksrts,http://data.shareabouts.org/api/v2/bksrts,PS 132 (dev),ps132dev,0,http://data.shareabouts.org/api/v2/bksrts/datasets/ps132dev/places,0,0,0,[],,
ecocamp,http://data.shareabouts.org/api/v2/ecocamp,mango-tango,mango-tango,0,http://data.shareabouts.org/api/v2/ecocamp/datasets/mango-tango/places,0,0,0,[],,
planbox-dev,http://data.shareabouts.org/api/v2/planbox-dev,atogle-hi-hi,atogle-hi-hi,0,http://data.shareabouts.org/api/v2/planbox-dev/datasets/atogle-hi-hi/places,0,0,0,[],,
planbox,http://data.shareabouts.org/api/v2/planbox,iledefrance-carticipe,iledefrance-carticipe,0,http://data.shareabouts.org/api/v2/planbox/datasets/iledefrance-carticipe/places,0,0,0,[],,
bksrts,http://data.shareabouts.org/api/v2/bksrts,PS 84 (dev),ps84dev,0,http://data.shareabouts.org/api/v2/bksrts/datasets/ps84dev/places,0,0,0,[],,
planbox,http://data.shareabouts.org/api/v2/planbox,mpoe-map,mpoe-map,0,http://data.shareabouts.org/api/v2/planbox/datasets/mpoe-map/places,0,0,0,[],,
planbox,http://data.shareabouts.org/api/v2/planbox,dsiah-unlitterdelphia,dsiah-unlitterdelphia,0,http://data.shareabouts.org/api/v2/planbox/datasets/dsiah-unlitterdelphia/places,0,0,0,[],,
jjones,http://data.shareabouts.org/api/v2/jjones,Walk Study,walkstudy,4,http://data.shareabouts.org/api/v2/jjones/datasets/walkstudy/places,0,1,0,[],,
bksrts,http://data.shareabouts.org/api/v2/bksrts,Safe Routes to School,srts,0,http://data.shareabouts.org/api/v2/bksrts/datasets/srts/places,0,0,0,[],,
ecocamp,http://data.shareabouts.org/api/v2/ecocamp,burnt-orange,burnt-orange,0,http://data.shareabouts.org/api/v2/ecocamp/datasets/burnt-orange/places,0,0,0,[],,
planbox,http://data.shareabouts.org/api/v2/planbox,rubywhite-2014-targets,rubywhite-2014-targets,0,http://data.shareabouts.org/api/v2/planbox/datasets/rubywhite-2014-targets/places,0,0,0,[],,
planbox-dev,http://data.shareabouts.org/api/v2/planbox-dev,test-slug4,test-slug4,0,http://data.shareabouts.org/api/v2/planbox-dev/datasets/test-slug4/places,0,0,0,[],,
planbox,http://data.shareabouts.org/api/v2/planbox,kevin-test-projekt-deutschland,kevin-test-projekt-deutschland,0,http://data.shareabouts.org/api/v2/planbox/datasets/kevin-test-projekt-deutschland/places,0,0,0,[],,
ecocamp,http://data.shareabouts.org/api/v2/ecocamp,jazzberry-jam,jazzberry-jam,0,http://data.shareabouts.org/api/v2/ecocamp/datasets/jazzberry-jam/places,0,0,0,[],,
ecocamp,http://data.shareabouts.org/api/v2/ecocamp,purple-pizzazz,purple-pizzazz,0,http://data.shareabouts.org/api/v2/ecocamp/datasets/purple-pizzazz/places,0,0,0,[],,
planbox,http://data.shareabouts.org/api/v2/planbox,cityofjerseycity-jersey-city-streetscape,cityofjerseycity-jersey-city-streetscape,0,http://data.shareabouts.org/api/v2/planbox/datasets/cityofjerseycity-jersey-city-streetscape/places,0,0,0,[],,
columbia1,http://data.shareabouts.org/api/v2/columbia1,CarolineData,CarolineData,4,http://data.shareabouts.org/api/v2/columbia1/datasets/CarolineData/places,0,0,0,[],,
planbox,http://data.shareabouts.org/api/v2/planbox,BoWilliams-swope-area-plan,BoWilliams-swope-area-plan,0,http://data.shareabouts.org/api/v2/planbox/datasets/BoWilliams-swope-area-plan/places,0,0,0,[],,
chattanoogagov,http://api.shareabouts.org/api/v2/chattanoogagov,Great Places,greatplaces,0,http://api.shareabouts.org/api/v2/chattanoogagov/datasets/greatplaces/places,0,0,0,[],,
planbox-dev,http://data.shareabouts.org/api/v2/planbox-dev,atogle-sharebouts,atogle-sharebouts,6,http://data.shareabouts.org/api/v2/planbox-dev/datasets/atogle-sharebouts/places,0,0,0,[],,
ecocamp,http://data.shareabouts.org/api/v2/ecocamp,mauvelous,mauvelous,0,http://data.shareabouts.org/api/v2/ecocamp/datasets/mauvelous/places,0,0,0,[],,
planbox,http://data.shareabouts.org/api/v2/planbox,RobinAbad-san-francisco-pavement-to-parks-projects,RobinAbad-san-francisco-pavement-to-parks-projects,0,http://data.shareabouts.org/api/v2/planbox/datasets/RobinAbad-san-francisco-pavement-to-parks-projects/places,0,0,0,[],,
metro,http://data.shareabouts.org/api/v2/metro,Bike Lockers,bike-lockers,0,http://data.shareabouts.org/api/v2/metro/datasets/bike-lockers/places,0,0,0,[],,
kevinvanlierop,http://data.shareabouts.org/api/v2/kevinvanlierop,kevinvanlierop-data,kevinvanlierop-data,0,http://data.shareabouts.org/api/v2/kevinvanlierop/datasets/kevinvanlierop-data/places,0,0,0,[],,
ourmiami,http://data.shareabouts.org/api/v2/ourmiami,results-test,results-test,412,http://data.shareabouts.org/api/v2/ourmiami/datasets/results-test/places,0,0,0,[],,
planbox,http://data.shareabouts.org/api/v2/planbox,dexterslu-mostly-fun,dexterslu-mostly-fun,0,http://data.shareabouts.org/api/v2/planbox/datasets/dexterslu-mostly-fun/places,0,0,0,[],,
ecocamp,http://data.shareabouts.org/api/v2/ecocamp,jungle-green,jungle-green,0,http://data.shareabouts.org/api/v2/ecocamp/datasets/jungle-green/places,0,0,0,[],,
planbox,http://data.shareabouts.org/api/v2/planbox,GrowingResilience-growing-resilience,GrowingResilience-growing-resilience,0,http://data.shareabouts.org/api/v2/planbox/datasets/GrowingResilience-growing-resilience/places,0,0,0,[],,
georgiabullen,http://data.shareabouts.org/api/v2/georgiabullen,civichacking_data,civichacking_data,1,http://data.shareabouts.org/api/v2/georgiabullen/datasets/civichacking_data/places,0,0,0,[],,
planbox-dev,http://data.shareabouts.org/api/v2/planbox-dev,mpoe-my-new-test-project,mpoe-my-new-test-project,0,http://data.shareabouts.org/api/v2/planbox-dev/datasets/mpoe-my-new-test-project/places,0,0,0,[],,
planbox,http://data.shareabouts.org/api/v2/planbox,skdavis147-san-pedro-green-alleys-and-pathways,skdavis147-san-pedro-green-alleys-and-pathways,4,http://data.shareabouts.org/api/v2/planbox/datasets/skdavis147-san-pedro-green-alleys-and-pathways/places,0,0,0,[],,
publicinnovation,http://data.shareabouts.org/api/v2/publicinnovation,streetfarm,streetfarm,0,http://data.shareabouts.org/api/v2/publicinnovation/datasets/streetfarm/places,0,0,0,[],,
crowdspot,http://api.shareabouts.org/api/v2/crowdspot,demo,demo,0,http://api.shareabouts.org/api/v2/crowdspot/datasets/demo/places,0,0,0,[],,
ecocamp,http://data.shareabouts.org/api/v2/ecocamp,brick-red,brick-red,0,http://data.shareabouts.org/api/v2/ecocamp/datasets/brick-red/places,0,0,0,[],,
ecocamp,http://data.shareabouts.org/api/v2/ecocamp,forest-green,forest-green,0,http://data.shareabouts.org/api/v2/ecocamp/datasets/forest-green/places,0,0,0,[],,
ecocamp,http://data.shareabouts.org/api/v2/ecocamp,mountain-meadow,mountain-meadow,0,http://data.shareabouts.org/api/v2/ecocamp/datasets/mountain-meadow/places,0,0,0,[],,
ecocamp,http://data.shareabouts.org/api/v2/ecocamp,wild-blue-yonder,wild-blue-yonder,0,http://data.shareabouts.org/api/v2/ecocamp/datasets/wild-blue-yonder/places,0,0,0,[],,
ecocamp,http://data.shareabouts.org/api/v2/ecocamp,granny-smith-apple,granny-smith-apple,0,http://data.shareabouts.org/api/v2/ecocamp/datasets/granny-smith-apple/places,0,0,0,[],,
planbox,http://data.shareabouts.org/api/v2/planbox,CharlestonCountyPlanning-historic-preservation-committee,CharlestonCountyPlanning-historic-preservation-committee,0,http://data.shareabouts.org/api/v2/planbox/datasets/CharlestonCountyPlanning-historic-preservation-committee/places,0,0,0,[],,
steveleathers,http://data.shareabouts.org/api/v2/steveleathers,joyography,joy,11,http://data.shareabouts.org/api/v2/steveleathers/datasets/joy/places,0,0,0,[],,
planbox,http://data.shareabouts.org/api/v2/planbox,ChaosAndCornbread-mapping-memories-of-atlantas-residents,ChaosAndCornbread-mapping-memories-of-atlantas-residents,2,http://data.shareabouts.org/api/v2/planbox/datasets/ChaosAndCornbread-mapping-memories-of-atlantas-residents/places,0,0,0,[],,
ecocamp,http://data.shareabouts.org/api/v2/ecocamp,pine-green,pine-green,0,http://data.shareabouts.org/api/v2/ecocamp/datasets/pine-green/places,0,0,0,[],,
planbox-dev,http://data.shareabouts.org/api/v2/planbox-dev,test-slug,test-slug,0,http://data.shareabouts.org/api/v2/planbox-dev/datasets/test-slug/places,0,0,0,[],,
TimMoreland,http://api.shareabouts.org/api/v2/TimMoreland,Great Places,greatplacetest,0,http://api.shareabouts.org/api/v2/TimMoreland/datasets/greatplacetest/places,0,0,0,[],,
planbox,http://data.shareabouts.org/api/v2/planbox,CVilleQuiet-we-all-have-busy-lives-and-appreciate-that-moment-of-quiet-relaxation-share-your-hidden-quiet-contemplative-rela,CVilleQuiet-we-all-have-busy-lives-and-appreciate-that-moment-of-quiet-relaxation-share-your-hidden-quiet-contemplative-rela,1,http://data.shareabouts.org/api/v2/planbox/datasets/CVilleQuiet-we-all-have-busy-lives-and-appreciate-that-moment-of-quiet-relaxation-share-your-hidden-quiet-contemplative-rela/places,0,0,0,[],,
planbox,http://data.shareabouts.org/api/v2/planbox,gavinsullivan-codename-pbampj,gavinsullivan-codename-pbampj,5,http://data.shareabouts.org/api/v2/planbox/datasets/gavinsullivan-codename-pbampj/places,0,0,0,[],,
ecocamp,http://data.shareabouts.org/api/v2/ecocamp,blue-violet,blue-violet,0,http://data.shareabouts.org/api/v2/ecocamp/datasets/blue-violet/places,0,0,0,[],,
planbox,http://data.shareabouts.org/api/v2/planbox,smeekins-bikeway-feasibility-study,smeekins-bikeway-feasibility-study,0,http://data.shareabouts.org/api/v2/planbox/datasets/smeekins-bikeway-feasibility-study/places,0,0,0,[],,
columbia1,http://data.shareabouts.org/api/v2/columbia1,AmyData,AmyData,4,http://data.shareabouts.org/api/v2/columbia1/datasets/AmyData/places,0,0,0,[],,
ecocamp,http://data.shareabouts.org/api/v2/ecocamp,tickle-me-pink,tickle-me-pink,0,http://data.shareabouts.org/api/v2/ecocamp/datasets/tickle-me-pink/places,0,0,0,[],,
ecocamp,http://data.shareabouts.org/api/v2/ecocamp,wild-watermelon,wild-watermelon,0,http://data.shareabouts.org/api/v2/ecocamp/datasets/wild-watermelon/places,0,0,0,[],,
jlally,http://data.shareabouts.org/api/v2/jlally,east corridor,eastcorridor,52,http://data.shareabouts.org/api/v2/jlally/datasets/eastcorridor/places,0,7,0,[],,
ecocamp,http://data.shareabouts.org/api/v2/ecocamp,razzmatazz,razzmatazz,0,http://data.shareabouts.org/api/v2/ecocamp/datasets/razzmatazz/places,0,0,0,[],,
ecocamp,http://data.shareabouts.org/api/v2/ecocamp,vivid-violet,vivid-violet,0,http://data.shareabouts.org/api/v2/ecocamp/datasets/vivid-violet/places,0,0,0,[],,
alta,http://data.shareabouts.org/api/v2/alta,alta-data,alta-data,0,http://data.shareabouts.org/api/v2/alta/datasets/alta-data/places,0,0,0,[],,
